"STATION","NAME","DATE","TMAX","TMIN","TOBS"
"USC00190120","AMHERST, MA US","2020-01-01","34","28","29"
"USC00190120","AMHERST, MA US","2020-01-02","38","28","29"
"USC00190120","AMHERST, MA US","2020-01-03","42","29","33"
"USC00190120","AMHERST, MA US","2020-01-04","44","33","34"
"USC00190120","AMHERST, MA US","2020-01-05","37","33","33"
"USC00190120","AMHERST, MA US","2020-01-06","36","24","26"
"USC00190120","AMHERST, MA US","2020-01-07","35","25","28"
"USC00190120","AMHERST, MA US","2020-01-08","39","25","26"
"USC00190120","AMHERST, MA US","2020-01-09","39","17","17"
"USC00190120","AMHERST, MA US","2020-01-10","31","16","31"
"USC00190120","AMHERST, MA US","2020-01-11","48","30","48"
"USC00190120","AMHERST, MA US","2020-01-12","66","30","59"
"USC00190120","AMHERST, MA US","2020-01-13","68","26","28"
"USC00190120","AMHERST, MA US","2020-01-14","34","28","32"
"USC00190120","AMHERST, MA US","2020-01-15","40","32","33"
"USC00190120","AMHERST, MA US","2020-01-16","48","26","32"
"USC00190120","AMHERST, MA US","2020-01-17","42","15","15"
"USC00190120","AMHERST, MA US","2020-01-18","42","10","10"
"USC00190120","AMHERST, MA US","2020-01-19","19","10","18"
"USC00190120","AMHERST, MA US","2020-01-20","39","13","13"
"USC00190120","AMHERST, MA US","2020-01-21","27","-1","-1"
"USC00190120","AMHERST, MA US","2020-01-22","26","-2","1"
"USC00190120","AMHERST, MA US","2020-01-23","36","-2","5"
"USC00190120","AMHERST, MA US","2020-01-24","36","5","17"
"USC00190120","AMHERST, MA US","2020-01-25","47","17","29"
"USC00190120","AMHERST, MA US","2020-01-26","41","29","32"
"USC00190120","AMHERST, MA US","2020-01-27","44","32","34"
"USC00190120","AMHERST, MA US","2020-01-28","44","32","35"
"USC00190120","AMHERST, MA US","2020-01-29","38","28","28"
"USC00190120","AMHERST, MA US","2020-01-30","39","17","17"
"USC00190120","AMHERST, MA US","2020-01-31","33","15","16"
"USC00190120","AMHERST, MA US","2020-02-01","37","16","32"
"USC00190120","AMHERST, MA US","2020-02-02","36","27","28"
"USC00190120","AMHERST, MA US","2020-02-03","40","22","28"
"USC00190120","AMHERST, MA US","2020-02-04","44","25","30"
"USC00190120","AMHERST, MA US","2020-02-05","46","30","36"
"USC00190120","AMHERST, MA US","2020-02-06","39","27","28"
"USC00190120","AMHERST, MA US","2020-02-07","33","28","32"
"USC00190120","AMHERST, MA US","2020-02-08","39","22","22"
"USC00190120","AMHERST, MA US","2020-02-09","32","13","14"
"USC00190120","AMHERST, MA US","2020-02-10","35","14","35"
"USC00190120","AMHERST, MA US","2020-02-11","41","30","32"
"USC00190120","AMHERST, MA US","2020-02-12","37","32","33"
"USC00190120","AMHERST, MA US","2020-02-13","41","31","32"
"USC00190120","AMHERST, MA US","2020-02-14","36","23","23"
"USC00190120","AMHERST, MA US","2020-02-15","23","5","5"
"USC00190120","AMHERST, MA US","2020-02-16","27","5","27"
"USC00190120","AMHERST, MA US","2020-02-17","38","20","20"
"USC00190120","AMHERST, MA US","2020-02-18","41","20","28"
"USC00190120","AMHERST, MA US","2020-02-19","36","28","35"
"USC00190120","AMHERST, MA US","2020-02-20","40","17","18"
"USC00190120","AMHERST, MA US","2020-02-21","30","11","11"
"USC00190120","AMHERST, MA US","2020-02-22","33","11","16"
"USC00190120","AMHERST, MA US","2020-02-23","44","16","20"
"USC00190120","AMHERST, MA US","2020-02-24","53","20","23"
"USC00190120","AMHERST, MA US","2020-02-25","61","23","36"
"USC00190120","AMHERST, MA US","2020-02-26","52","35","38"
"USC00190120","AMHERST, MA US","2020-02-27","50","38","42"
"USC00190120","AMHERST, MA US","2020-02-28","50","25","26"
"USC00190120","AMHERST, MA US","2020-02-29","36","18","21"
"USC00190120","AMHERST, MA US","2020-03-01","34","13","19"
"USC00190120","AMHERST, MA US","2020-03-02","35","19","29"
"USC00190120","AMHERST, MA US","2020-03-03","57","29","36"
"USC00190120","AMHERST, MA US","2020-03-04","62","35","42"
"USC00190120","AMHERST, MA US","2020-03-05","62","35","37"
"USC00190120","AMHERST, MA US","2020-03-06","49","23","25"
"USC00190120","AMHERST, MA US","2020-03-07","48","25","29"
"USC00190120","AMHERST, MA US","2020-03-08","43","20","22"
"USC00190120","AMHERST, MA US","2020-03-09","57","22","29"
"USC00190120","AMHERST, MA US","2020-03-10","72","29","40"
"USC00190120","AMHERST, MA US","2020-03-11","66","38","38"
"USC00190120","AMHERST, MA US","2020-03-12","51","33","34"
"USC00190120","AMHERST, MA US","2020-03-13","45","33","38"
"USC00190120","AMHERST, MA US","2020-03-14","59","38","38"
"USC00190120","AMHERST, MA US","2020-03-15","50","36","36"
"USC00190120","AMHERST, MA US","2020-03-16","48","22","23"
"USC00190120","AMHERST, MA US","2020-03-17","43","23","30"
"USC00190120","AMHERST, MA US","2020-03-18","47","27","27"
"USC00190120","AMHERST, MA US","2020-03-19","54","27","35"
"USC00190120","AMHERST, MA US","2020-03-20","54","26","40"
"USC00190120","AMHERST, MA US","2020-03-21","65","39","39"
"USC00190120","AMHERST, MA US","2020-03-22","65","23","23"
"USC00190120","AMHERST, MA US","2020-03-23","42","23","30"
"USC00190120","AMHERST, MA US","2020-03-24","35","30","33"
"USC00190120","AMHERST, MA US","2020-03-25","45","26","32"
"USC00190120","AMHERST, MA US","2020-03-26","45","26","30"
"USC00190120","AMHERST, MA US","2020-03-27","57","28","42"
"USC00190120","AMHERST, MA US","2020-03-28","61","26","27"
"USC00190120","AMHERST, MA US","2020-03-29","50","27","42"
"USC00190120","AMHERST, MA US","2020-03-30","47","37","38"
"USC00190120","AMHERST, MA US","2020-03-31","47","34","34"
"USC00190120","AMHERST, MA US","2020-04-01","57","29","30"
"USC00190120","AMHERST, MA US","2020-04-02","51","29","39"
"USC00190120","AMHERST, MA US","2020-04-03","52","39","42"
"USC00190120","AMHERST, MA US","2020-04-04","51","42","43"
"USC00190120","AMHERST, MA US","2020-04-05","56","43","46"
"USC00190120","AMHERST, MA US","2020-04-06","57","33","34"
"USC00190120","AMHERST, MA US","2020-04-07","61","32","35"
"USC00190120","AMHERST, MA US","2020-04-08","64","35","45"
"USC00190120","AMHERST, MA US","2020-04-09","56","35","44"
"USC00190120","AMHERST, MA US","2020-04-10","48","38","38"
"USC00190120","AMHERST, MA US","2020-04-11","47","35","38"
"USC00190120","AMHERST, MA US","2020-04-12","49","26","29"
"USC00190120","AMHERST, MA US","2020-04-13","63","29","55"
"USC00190120","AMHERST, MA US","2020-04-14","63","29","44"
"USC00190120","AMHERST, MA US","2020-04-15","54","38","39"
"USC00190120","AMHERST, MA US","2020-04-16","54","38","39"
"USC00190120","AMHERST, MA US","2020-04-17","44","31","34"
"USC00190120","AMHERST, MA US","2020-04-18","49","32","33"
"USC00190120","AMHERST, MA US","2020-04-19","42","26","31"
"USC00190120","AMHERST, MA US","2020-04-20","62","30","43"
"USC00190120","AMHERST, MA US","2020-04-21","54","30","42"
"USC00190120","AMHERST, MA US","2020-04-22","51","31","32"
"USC00190120","AMHERST, MA US","2020-04-23","44","27","33"
"USC00190120","AMHERST, MA US","2020-04-24","53","27","38"
"USC00190120","AMHERST, MA US","2020-04-25","49","32","36"
"USC00190120","AMHERST, MA US","2020-04-26","66","36","45"
"USC00190120","AMHERST, MA US","2020-04-27","53","36","38"
"USC00190120","AMHERST, MA US","2020-04-28","43","38","39"
"USC00190120","AMHERST, MA US","2020-04-29","59","32","36"
"USC00190120","AMHERST, MA US","2020-04-30","64","36","42"
"USC00190120","AMHERST, MA US","2020-05-01","64","36","53"
"USC00190120","AMHERST, MA US","2020-05-02","68","39","47"
"USC00190120","AMHERST, MA US","2020-05-03","69","46","56"
"USC00190120","AMHERST, MA US","2020-05-04","77","47","55"
"USC00190120","AMHERST, MA US","2020-05-05","66","37","43"
"USC00190120","AMHERST, MA US","2020-05-06","59","32","37"
"USC00190120","AMHERST, MA US","2020-05-07","59","36","39"
"USC00190120","AMHERST, MA US","2020-05-08","64","39","44"
"USC00190120","AMHERST, MA US","2020-05-09","56","35","35"
"USC00190120","AMHERST, MA US","2020-05-10","43","33","40"
"USC00190120","AMHERST, MA US","2020-05-11","59","32","37"
"USC00190120","AMHERST, MA US","2020-05-12","57","38","45"
"USC00190120","AMHERST, MA US","2020-05-13","53","28","35"
"USC00190120","AMHERST, MA US","2020-05-14","58","30","36"
"USC00190120","AMHERST, MA US","2020-05-15","71","36","54"
"USC00190120","AMHERST, MA US","2020-05-16","81","54","60"
"USC00190120","AMHERST, MA US","2020-05-17","73","53","53"
"USC00190120","AMHERST, MA US","2020-05-18","70","52","53"
"USC00190120","AMHERST, MA US","2020-05-19","68","43","51"
"USC00190120","AMHERST, MA US","2020-05-20","67","38","45"
"USC00190120","AMHERST, MA US","2020-05-21","71","37","47"
"USC00190120","AMHERST, MA US","2020-05-22","76","47","54"
"USC00190120","AMHERST, MA US","2020-05-23","83","54","63"
"USC00190120","AMHERST, MA US","2020-05-24","83","43","48"
"USC00190120","AMHERST, MA US","2020-05-25","73","47","50"
"USC00190120","AMHERST, MA US","2020-05-26","70","50","62"
"USC00190120","AMHERST, MA US","2020-05-27","83","60","62"
"USC00190120","AMHERST, MA US","2020-05-28","83","60","66"
"USC00190120","AMHERST, MA US","2020-05-29","83","60","69"
"USC00190120","AMHERST, MA US","2020-05-30","83","60","68"
"USC00190120","AMHERST, MA US","2020-05-31","79","54","55"
"USC00190120","AMHERST, MA US","2020-06-01","64","35","43"
"USC00190120","AMHERST, MA US","2020-06-02","65","39","45"
"USC00190120","AMHERST, MA US","2020-06-03","70","45","58"
"USC00190120","AMHERST, MA US","2020-06-04","81","53","64"
"USC00190120","AMHERST, MA US","2020-06-05","86","64","66"
"USC00190120","AMHERST, MA US","2020-06-06","86","65","71"
"USC00190120","AMHERST, MA US","2020-06-07","87","50","58"
"USC00190120","AMHERST, MA US","2020-06-08","71","42","50"
"USC00190120","AMHERST, MA US","2020-06-09","78","50","57"
"USC00190120","AMHERST, MA US","2020-06-10","86","57","62"
"USC00190120","AMHERST, MA US","2020-06-11","83","62","70"
"USC00190120","AMHERST, MA US","2020-06-12","83","62","67"
"USC00190120","AMHERST, MA US","2020-06-13","81","47","55"
"USC00190120","AMHERST, MA US","2020-06-14","70","44","49"
"USC00190120","AMHERST, MA US","2020-06-15","73","49","57"
"USC00190120","AMHERST, MA US","2020-06-16","74","47","54"
"USC00190120","AMHERST, MA US","2020-06-17","80","46","55"
"USC00190120","AMHERST, MA US","2020-06-18","84","54","61"
"USC00190120","AMHERST, MA US","2020-06-19","86","61","70"
"USC00190120","AMHERST, MA US","2020-06-20","87","70","70"
"USC00190120","AMHERST, MA US","2020-06-21","91","63","70"
"USC00190120","AMHERST, MA US","2020-06-22","91","65","71"
"USC00190120","AMHERST, MA US","2020-06-23","92","66","71"
"USC00190120","AMHERST, MA US","2020-06-24","89","70","70"
"USC00190120","AMHERST, MA US","2020-06-25","85","55","61"
"USC00190120","AMHERST, MA US","2020-06-26","85","56","64"
"USC00190120","AMHERST, MA US","2020-06-27","86","54","60"
"USC00190120","AMHERST, MA US","2020-06-28","76","59","63"
"USC00190120","AMHERST, MA US","2020-06-29","82","63","67"
"USC00190120","AMHERST, MA US","2020-06-30","77","63","64"
"USC00190120","AMHERST, MA US","2020-07-01","76","62","63"
"USC00190120","AMHERST, MA US","2020-07-02","78","60","61"
"USC00190120","AMHERST, MA US","2020-07-03","90","61","73"
"USC00190120","AMHERST, MA US","2020-07-04","81","60","64"
"USC00190120","AMHERST, MA US","2020-07-05","84","63","69"
"USC00190120","AMHERST, MA US","2020-07-06","89","62","67"
"USC00190120","AMHERST, MA US","2020-07-07","87","65","66"
"USC00190120","AMHERST, MA US","2020-07-08","77","66","68"
"USC00190120","AMHERST, MA US","2020-07-09","85","66","70"
"USC00190120","AMHERST, MA US","2020-07-10","91","70","73"
"USC00190120","AMHERST, MA US","2020-07-11","85","72","73"
"USC00190120","AMHERST, MA US","2020-07-12","87","71","73"
"USC00190120","AMHERST, MA US","2020-07-13","88","68","70"
"USC00190120","AMHERST, MA US","2020-07-14","85","63","67"
"USC00190120","AMHERST, MA US","2020-07-15","79","62","64"
"USC00190120","AMHERST, MA US","2020-07-16","81","64","66"
"USC00190120","AMHERST, MA US","2020-07-17","80","60","61"
"USC00190120","AMHERST, MA US","2020-07-18","75","61","67"
"USC00190120","AMHERST, MA US","2020-07-19","90","63","67"
"USC00190120","AMHERST, MA US","2020-07-20","96","67","76"
"USC00190120","AMHERST, MA US","2020-07-21","92","64","70"
"USC00190120","AMHERST, MA US","2020-07-22","88","67","67"
"USC00190120","AMHERST, MA US","2020-07-23","88","67","71"
"USC00190120","AMHERST, MA US","2020-07-24","85","66","67"
"USC00190120","AMHERST, MA US","2020-07-25","83","63","65"
"USC00190120","AMHERST, MA US","2020-07-26","88","63","68"
"USC00190120","AMHERST, MA US","2020-07-27","89","67","74"
"USC00190120","AMHERST, MA US","2020-07-28","93","72","77"
"USC00190120","AMHERST, MA US","2020-07-29","87","59","63"
"USC00190120","AMHERST, MA US","2020-07-30","90","63","68"
"USC00190120","AMHERST, MA US","2020-07-31","87","64","66"
"USC00190120","AMHERST, MA US","2020-08-01","87","61","67"
"USC00190120","AMHERST, MA US","2020-08-02","89","67","72"
"USC00190120","AMHERST, MA US","2020-08-03","81","71","76"
"USC00190120","AMHERST, MA US","2020-08-04","87","69","69"
"USC00190120","AMHERST, MA US","2020-08-05","82","62","65"
"USC00190120","AMHERST, MA US","2020-08-06","85","57","60"
"USC00190120","AMHERST, MA US","2020-08-07","82","60","62"
"USC00190120","AMHERST, MA US","2020-08-08","82","62","68"
"USC00190120","AMHERST, MA US","2020-08-09","86","68","71"
"USC00190120","AMHERST, MA US","2020-08-10","89","66","69"
"USC00190120","AMHERST, MA US","2020-08-11","92","67","69"
"USC00190120","AMHERST, MA US","2020-08-12","94","69","71"
"USC00190120","AMHERST, MA US","2020-08-13","94","64","70"
"USC00190120","AMHERST, MA US","2020-08-14","86","61","65"
"USC00190120","AMHERST, MA US","2020-08-15","88","60","65"
"USC00190120","AMHERST, MA US","2020-08-16","76","62","64"
"USC00190120","AMHERST, MA US","2020-08-17","70","59","63"
"USC00190120","AMHERST, MA US","2020-08-18","83","63","65"
"USC00190120","AMHERST, MA US","2020-08-19","84","52","60"
"USC00190120","AMHERST, MA US","2020-08-20","80","50","52"
"USC00190120","AMHERST, MA US","2020-08-21","80","52","55"
"USC00190120","AMHERST, MA US","2020-08-22","89","55","63"
"USC00190120","AMHERST, MA US","2020-08-23","89","55","62"
"USC00190120","AMHERST, MA US","2020-08-24","94","62","66"
"USC00190120","AMHERST, MA US","2020-08-25","90","64","67"
"USC00190120","AMHERST, MA US","2020-08-26","88","52","54"
"USC00190120","AMHERST, MA US","2020-08-27","74","52","57"
"USC00190120","AMHERST, MA US","2020-08-28","78","52","58"
"USC00190120","AMHERST, MA US","2020-08-29","79","57","62"
"USC00190120","AMHERST, MA US","2020-08-30","79","57","62"
"USC00190120","AMHERST, MA US","2020-08-31","73","44","47"
"USC00190120","AMHERST, MA US","2020-09-01","75","47","56"
"USC00190120","AMHERST, MA US","2020-09-02","79","56","61"
"USC00190120","AMHERST, MA US","2020-09-03","72","61","68"
"USC00190120","AMHERST, MA US","2020-09-04","82","57","59"
"USC00190120","AMHERST, MA US","2020-09-05","79","47","48"
"USC00190120","AMHERST, MA US","2020-09-06","77","48","58"
"USC00190120","AMHERST, MA US","2020-09-07","79","56","60"
"USC00190120","AMHERST, MA US","2020-09-08","81","60","63"
"USC00190120","AMHERST, MA US","2020-09-09","84","63","66"
"USC00190120","AMHERST, MA US","2020-09-10","82","66","67"
"USC00190120","AMHERST, MA US","2020-09-11","78","62","64"
"USC00190120","AMHERST, MA US","2020-09-12","72","46","47"
"USC00190120","AMHERST, MA US","2020-09-13","71","47","53"
"USC00190120","AMHERST, MA US","2020-09-14","75","53","57"
"USC00190120","AMHERST, MA US","2020-09-15","73","39","39"
"USC00190120","AMHERST, MA US","2020-09-16","64","39","41"
"USC00190120","AMHERST, MA US","2020-09-17","72","41","50"
"USC00190120","AMHERST, MA US","2020-09-18","74","50","57"
"USC00190120","AMHERST, MA US","2020-09-19","67","33","34"
"USC00190120","AMHERST, MA US","2020-09-20","63","34","36"
"USC00190120","AMHERST, MA US","2020-09-21","62","32","32"
"USC00190120","AMHERST, MA US","2020-09-22","65","31","33"
"USC00190120","AMHERST, MA US","2020-09-23","71","32","40"
"USC00190120","AMHERST, MA US","2020-09-24","76","40","46"
"USC00190120","AMHERST, MA US","2020-09-25","75","46","56"
"USC00190120","AMHERST, MA US","2020-09-26","81","56","60"
"USC00190120","AMHERST, MA US","2020-09-27","77","60","65"
"USC00190120","AMHERST, MA US","2020-09-28","78","65","70"
"USC00190120","AMHERST, MA US","2020-09-29","80","66","67"
"USC00190120","AMHERST, MA US","2020-09-30","76","60","60"
"USC00190120","AMHERST, MA US","2020-10-01","69","49","52"
"USC00190120","AMHERST, MA US","2020-10-02","74","49","52"
"USC00190120","AMHERST, MA US","2020-10-03","62","41","43"
"USC00190120","AMHERST, MA US","2020-10-04","65","38","38"
"USC00190120","AMHERST, MA US","2020-10-05","64","37","46"
"USC00190120","AMHERST, MA US","2020-10-06","67","46","52"
"USC00190120","AMHERST, MA US","2020-10-07","68","49","51"
"USC00190120","AMHERST, MA US","2020-10-08","69","47","50"
"USC00190120","AMHERST, MA US","2020-10-09","60","33","34"
"USC00190120","AMHERST, MA US","2020-10-10","64","34","55"
"USC00190120","AMHERST, MA US","2020-10-11","77","53","53"
"USC00190120","AMHERST, MA US","2020-10-12","61","43","44"
"USC00190120","AMHERST, MA US","2020-10-13","56","44","48"
"USC00190120","AMHERST, MA US","2020-10-14","52","38","39"
"USC00190120","AMHERST, MA US","2020-10-15","70","38","39"
"USC00190120","AMHERST, MA US","2020-10-16","74","39","64"
"USC00190120","AMHERST, MA US","2020-10-17","65","41","41"
"USC00190120","AMHERST, MA US","2020-10-18","58","31","31"
"USC00190120","AMHERST, MA US","2020-10-19","61","31","36"
"USC00190120","AMHERST, MA US","2020-10-20","63","36","54"
"USC00190120","AMHERST, MA US","2020-10-21","69","54","57"
"USC00190120","AMHERST, MA US","2020-10-22","72","52","52"
"USC00190120","AMHERST, MA US","2020-10-23","77","52","64"
"USC00190120","AMHERST, MA US","2020-10-24","68","59","60"
"USC00190120","AMHERST, MA US","2020-10-25","66","32","33"
"USC00190120","AMHERST, MA US","2020-10-26","50","32","41"
"USC00190120","AMHERST, MA US","2020-10-27","47","40","47"
"USC00190120","AMHERST, MA US","2020-10-28","52","43","43"
"USC00190120","AMHERST, MA US","2020-10-29","47","43","44"
"USC00190120","AMHERST, MA US","2020-10-30","47","35","35"
"USC00190120","AMHERST, MA US","2020-10-31","37","21","24"
"USC00190120","AMHERST, MA US","2020-11-01","43","24","30"
"USC00190120","AMHERST, MA US","2020-11-02","52","24","37"
"USC00190120","AMHERST, MA US","2020-11-03","38","32","36"
"USC00190120","AMHERST, MA US","2020-11-04","42","26","30"
"USC00190120","AMHERST, MA US","2020-11-05","57","30","53"
"USC00190120","AMHERST, MA US","2020-11-06","69","46","47"
"USC00190120","AMHERST, MA US","2020-11-07","80","45","45"
"USC00190120","AMHERST, MA US","2020-11-08","77","35","36"
"USC00190120","AMHERST, MA US","2020-11-09","76","33","33"
"USC00190120","AMHERST, MA US","2020-11-10","75","33","36"
"USC00190120","AMHERST, MA US","2020-11-11","76","36","61"
"USC00190120","AMHERST, MA US","2020-11-12","70","58","58"
"USC00190120","AMHERST, MA US","2020-11-13","58","37","37"
"USC00190120","AMHERST, MA US","2020-11-14","41","33","33"
"USC00190120","AMHERST, MA US","2020-11-15","48","21","23"
"USC00190120","AMHERST, MA US","2020-11-16","58","23","42"
"USC00190120","AMHERST, MA US","2020-11-17","49","30","31"
"USC00190120","AMHERST, MA US","2020-11-18","44","26","26"
"USC00190120","AMHERST, MA US","2020-11-19","31","17","23"
"USC00190120","AMHERST, MA US","2020-11-20","43","23","43"
"USC00190120","AMHERST, MA US","2020-11-21","60","32","33"
"USC00190120","AMHERST, MA US","2020-11-22","60","23","25"
"USC00190120","AMHERST, MA US","2020-11-23","41","23","40"
"USC00190120","AMHERST, MA US","2020-11-24","45","27","31"
"USC00190120","AMHERST, MA US","2020-11-25","42","24","29"
"USC00190120","AMHERST, MA US","2020-11-26","40","29","38"
"USC00190120","AMHERST, MA US","2020-11-27","45","37","37"
"USC00190120","AMHERST, MA US","2020-11-28","51","36","37"
"USC00190120","AMHERST, MA US","2020-11-29","51","23","23"
"USC00190120","AMHERST, MA US","2020-11-30","51","23","30"
"USC00190120","AMHERST, MA US","2020-12-01","63","30","56"
"USC00190120","AMHERST, MA US","2020-12-02","59","33","33"
"USC00190120","AMHERST, MA US","2020-12-03","41","27","32"
"USC00190120","AMHERST, MA US","2020-12-04","49","31","41"
"USC00190120","AMHERST, MA US","2020-12-05","55","38","39"
"USC00190120","AMHERST, MA US","2020-12-06","39","30","30"
"USC00190120","AMHERST, MA US","2020-12-07","35","20","20"
"USC00190120","AMHERST, MA US","2020-12-08","35","20","26"
"USC00190120","AMHERST, MA US","2020-12-09","29","18","23"
"USC00190120","AMHERST, MA US","2020-12-10","32","23","31"
"USC00190120","AMHERST, MA US","2020-12-11","44","20","22"
"USC00190120","AMHERST, MA US","2020-12-12","49","22","33"
"USC00190120","AMHERST, MA US","2020-12-13","39","33","39"
"USC00190120","AMHERST, MA US","2020-12-14","53","26","30"
"USC00190120","AMHERST, MA US","2020-12-15","34","27","28"
"USC00190120","AMHERST, MA US","2020-12-16","33","16","16"
"USC00190120","AMHERST, MA US","2020-12-17","24","16","20"
"USC00190120","AMHERST, MA US","2020-12-18","23","19","21"
"USC00190120","AMHERST, MA US","2020-12-19","30","-2","0"
"USC00190120","AMHERST, MA US","2020-12-20","30","-2","19"
"USC00190120","AMHERST, MA US","2020-12-21","32","19","30"
"USC00190120","AMHERST, MA US","2020-12-22","36","26","27"
"USC00190120","AMHERST, MA US","2020-12-23","42","27","28"
"USC00190120","AMHERST, MA US","2020-12-24","41","23","31"
"USC00190120","AMHERST, MA US","2020-12-25","61","23","60"
"USC00190120","AMHERST, MA US","2020-12-26","60","27","27"
"USC00190120","AMHERST, MA US","2020-12-27","34","21","22"
"USC00190120","AMHERST, MA US","2020-12-28","38","21","27"
"USC00190120","AMHERST, MA US","2020-12-29","45","27","32"
"USC00190120","AMHERST, MA US","2020-12-30","35","17","19"
"USC00190120","AMHERST, MA US","2020-12-31","38","19","38"
"USC00190120","AMHERST, MA US","2021-01-01","42","18","19"
"USC00190120","AMHERST, MA US","2021-01-02","35","19","33"
"USC00190120","AMHERST, MA US","2021-01-03","42","23","26"
"USC00190120","AMHERST, MA US","2021-01-04","33","24","29"
"USC00190120","AMHERST, MA US","2021-01-05","39","28","31"
"USC00190120","AMHERST, MA US","2021-01-06","39","30","31"
"USC00190120","AMHERST, MA US","2021-01-07","38","28","28"
"USC00190120","AMHERST, MA US","2021-01-08","39","20","23"
"USC00190120","AMHERST, MA US","2021-01-09","40","21","22"
"USC00190120","AMHERST, MA US","2021-01-10","37","22","26"
"USC00190120","AMHERST, MA US","2021-01-11","40","15","16"
"USC00190120","AMHERST, MA US","2021-01-12","40","15","18"
"USC00190120","AMHERST, MA US","2021-01-13","35","18","22"
"USC00190120","AMHERST, MA US","2021-01-14","41","22","30"
"USC00190120","AMHERST, MA US","2021-01-15","34","25","29"
"USC00190120","AMHERST, MA US","2021-01-16","39","29","35"
"USC00190120","AMHERST, MA US","2021-01-17","43","34","35"
"USC00190120","AMHERST, MA US","2021-01-18","41","33","33"
"USC00190120","AMHERST, MA US","2021-01-19","44","21","23"
"USC00190120","AMHERST, MA US","2021-01-20","39","23","28"
"USC00190120","AMHERST, MA US","2021-01-21","36","18","19"
"USC00190120","AMHERST, MA US","2021-01-22","30","17","20"
"USC00190120","AMHERST, MA US","2021-01-23","40","20","24"
"USC00190120","AMHERST, MA US","2021-01-24","26","15","15"
"USC00190120","AMHERST, MA US","2021-01-25","27","13","15"
"USC00190120","AMHERST, MA US","2021-01-26","35","15","20"
"USC00190120","AMHERST, MA US","2021-01-27","29","20","26"
"USC00190120","AMHERST, MA US","2021-01-28","33","20","28"
"USC00190120","AMHERST, MA US","2021-01-29","31","5","5"
"USC00190120","AMHERST, MA US","2021-01-30","17","-7","-7"
"USC00190120","AMHERST, MA US","2021-01-31","22","-7","-2"
"USC00190120","AMHERST, MA US","2021-02-01","22","-2","16"
"USC00190120","AMHERST, MA US","2021-02-02","30","16","30"
"USC00190120","AMHERST, MA US","2021-02-03","34","27","28"
"USC00190120","AMHERST, MA US","2021-02-04","34","27","29"
"USC00190120","AMHERST, MA US","2021-02-05","40","13","21"
"USC00190120","AMHERST, MA US","2021-02-06","40","13","14"
"USC00190120","AMHERST, MA US","2021-02-07","41","11","18"
"USC00190120","AMHERST, MA US","2021-02-08","28","11","13"
"USC00190120","AMHERST, MA US","2021-02-09","29","11","17"
"USC00190120","AMHERST, MA US","2021-02-10","24","3","6"
"USC00190120","AMHERST, MA US","2021-02-11","30","6","16"
"USC00190120","AMHERST, MA US","2021-02-12","29","1","7"
"USC00190120","AMHERST, MA US","2021-02-13","29","1","12"
"USC00190120","AMHERST, MA US","2021-02-14","27","12","24"
"USC00190120","AMHERST, MA US","2021-02-15","36","24","26"
"USC00190120","AMHERST, MA US","2021-02-16","32","26","32"
"USC00190120","AMHERST, MA US","2021-02-17","38","21","21"
"USC00190120","AMHERST, MA US","2021-02-18","31","17","22"
"USC00190120","AMHERST, MA US","2021-02-19","28","22","23"
"USC00190120","AMHERST, MA US","2021-02-20","29","8","9"
"USC00190120","AMHERST, MA US","2021-02-21","33","6","8"
"USC00190120","AMHERST, MA US","2021-02-22","35","8","18"
"USC00190120","AMHERST, MA US","2021-02-23","37","18","34"
"USC00190120","AMHERST, MA US","2021-02-24","42","34","35"
"USC00190120","AMHERST, MA US","2021-02-25","50","35","38"
"USC00190120","AMHERST, MA US","2021-02-26","42","19","21"
"USC00190120","AMHERST, MA US","2021-02-27","43","21","30"
"USC00190120","AMHERST, MA US","2021-02-28","36","27","28"
"USC00190120","AMHERST, MA US","2021-03-01","43","28","34"
"USC00190120","AMHERST, MA US","2021-03-02","44","11","11"
"USC00190120","AMHERST, MA US","2021-03-03","27","11","22"
"USC00190120","AMHERST, MA US","2021-03-04","45","22","35"
"USC00190120","AMHERST, MA US","2021-03-05","37","21","21"
"USC00190120","AMHERST, MA US","2021-03-06","32","19","20"
"USC00190120","AMHERST, MA US","2021-03-07","32","15","17"
"USC00190120","AMHERST, MA US","2021-03-08","36","13","16"
"USC00190120","AMHERST, MA US","2021-03-09","41","16","34"
"USC00190120","AMHERST, MA US","2021-03-10","55","21","25"
"USC00190120","AMHERST, MA US","2021-03-11","56","25","42"
"USC00190120","AMHERST, MA US","2021-03-12","70","42","49"
"USC00190120","AMHERST, MA US","2021-03-13","60","29","29"
"USC00190120","AMHERST, MA US","2021-03-14","43","26","27"
"USC00190120","AMHERST, MA US","2021-03-15","45","15","15"
"USC00190120","AMHERST, MA US","2021-03-16","30","14","15"
"USC00190120","AMHERST, MA US","2021-03-17","37","15","30"
"USC00190120","AMHERST, MA US","2021-03-18","51","30","37"
"USC00190120","AMHERST, MA US","2021-03-19","43","26","26"
"USC00190120","AMHERST, MA US","2021-03-20","41","18","19"
"USC00190120","AMHERST, MA US","2021-03-21","57","18","24"
"USC00190120","AMHERST, MA US","2021-03-22","65","24","25"
"USC00190120","AMHERST, MA US","2021-03-23","65","25","27"
"USC00190120","AMHERST, MA US","2021-03-24","67","27","35"
"USC00190120","AMHERST, MA US","2021-03-25","61","34","49"
"USC00190120","AMHERST, MA US","2021-03-26","72","48","55"
"USC00190120","AMHERST, MA US","2021-03-27","76","44","44"
"USC00190120","AMHERST, MA US","2021-03-28","62","41","46"
"USC00190120","AMHERST, MA US","2021-03-29","50","39","40"
"USC00190120","AMHERST, MA US","2021-03-30","48","25","26"
"USC00190120","AMHERST, MA US","2021-03-31","59","26","47"
"USC00190120","AMHERST, MA US","2021-04-01","62","41","41"
"USC00190120","AMHERST, MA US","2021-04-02","45","26","26"
"USC00190120","AMHERST, MA US","2021-04-03","33","20","23"
"USC00190120","AMHERST, MA US","2021-04-04","50","23","25"
"USC00190120","AMHERST, MA US","2021-04-05","58","25","45"
"USC00190120","AMHERST, MA US","2021-04-06","61","36","42"
"USC00190120","AMHERST, MA US","2021-04-07","66","33","37"
"USC00190120","AMHERST, MA US","2021-04-08","70","37","42"
"USC00190120","AMHERST, MA US","2021-04-09","72","39","41"
"USC00190120","AMHERST, MA US","2021-04-10","70","41","47"
"USC00190120","AMHERST, MA US","2021-04-11","77","47","51"
"USC00190120","AMHERST, MA US","2021-04-12","63","47","47"
"USC00190120","AMHERST, MA US","2021-04-13","53","34","42"
"USC00190120","AMHERST, MA US","2021-04-14","66","42","49"
"USC00190120","AMHERST, MA US","2021-04-15","70","47","48"
"USC00190120","AMHERST, MA US","2021-04-16","50","32","32"
"USC00190120","AMHERST, MA US","2021-04-17","40","32","40"
"USC00190120","AMHERST, MA US","2021-04-18","50","37","37"
"USC00190120","AMHERST, MA US","2021-04-19","61","36","39"
"USC00190120","AMHERST, MA US","2021-04-20","63","35","38"
"USC00190120","AMHERST, MA US","2021-04-21","71","35","39"
"USC00190120","AMHERST, MA US","2021-04-22","65","30","32"
"USC00190120","AMHERST, MA US","2021-04-23","44","32","38"
"USC00190120","AMHERST, MA US","2021-04-24","58","34","43"
"USC00190120","AMHERST, MA US","2021-04-25","70","42","49"
"USC00190120","AMHERST, MA US","2021-04-26","56","41","41"
"USC00190120","AMHERST, MA US","2021-04-27","56","31","38"
"USC00190120","AMHERST, MA US","2021-04-28","70","38","47"
"USC00190120","AMHERST, MA US","2021-04-29","73","47","54"
"USC00190120","AMHERST, MA US","2021-04-30","59","50","55"
"USC00190120","AMHERST, MA US","2021-05-01","57","41","42"
"USC00190120","AMHERST, MA US","2021-05-02","59","41","48"
"USC00190120","AMHERST, MA US","2021-05-03","75","47","50"
"USC00190120","AMHERST, MA US","2021-05-04","68","49","50"
"USC00190120","AMHERST, MA US","2021-05-05","59","48","49"
"USC00190120","AMHERST, MA US","2021-05-06","55","41","48"
"USC00190120","AMHERST, MA US","2021-05-07","63","40","44"
"USC00190120","AMHERST, MA US","2021-05-08","63","44","45"
"USC00190120","AMHERST, MA US","2021-05-09","58","37","44"
"USC00190120","AMHERST, MA US","2021-05-10","64","44","47"
"USC00190120","AMHERST, MA US","2021-05-11","62","45","48"
"USC00190120","AMHERST, MA US","2021-05-12","61","42","48"
"USC00190120","AMHERST, MA US","2021-05-13","64","36","41"
"USC00190120","AMHERST, MA US","2021-05-14","70","36","45"
"USC00190120","AMHERST, MA US","2021-05-15","75","44","51"
"USC00190120","AMHERST, MA US","2021-05-16","77","50","54"
"USC00190120","AMHERST, MA US","2021-05-17","77","42","48"
"USC00190120","AMHERST, MA US","2021-05-18","77","46","51"
"USC00190120","AMHERST, MA US","2021-05-19","81","48","55"
"USC00190120","AMHERST, MA US","2021-05-20","86","49","53"
"USC00190120","AMHERST, MA US","2021-05-21","80","53","57"
"USC00190120","AMHERST, MA US","2021-05-22","84","56","61"
"USC00190120","AMHERST, MA US","2021-05-23","87","59","67"
"USC00190120","AMHERST, MA US","2021-05-24","84","48","54"
"USC00190120","AMHERST, MA US","2021-05-25","70","49","53"
"USC00190120","AMHERST, MA US","2021-05-26","77","53","63"
"USC00190120","AMHERST, MA US","2021-05-27","89","62","67"
"USC00190120","AMHERST, MA US","2021-05-28","77","50","50"
"USC00190120","AMHERST, MA US","2021-05-29","57","43","44"
"USC00190120","AMHERST, MA US","2021-05-30","49","44","47"
"USC00190120","AMHERST, MA US","2021-05-31","49","46","49"
"USC00190120","AMHERST, MA US","2021-06-01","63","43","49"
"USC00190120","AMHERST, MA US","2021-06-02","77","47","53"
"USC00190120","AMHERST, MA US","2021-06-03","79","47","60"
"USC00190120","AMHERST, MA US","2021-06-04","71","60","66"
"USC00190120","AMHERST, MA US","2021-06-05","80","57","63"
"USC00190120","AMHERST, MA US","2021-06-06","91","61","68"
"USC00190120","AMHERST, MA US","2021-06-07","92","63","71"
"USC00190120","AMHERST, MA US","2021-06-08","93","71","76"
"USC00190120","AMHERST, MA US","2021-06-09","89","70","71"
"USC00190120","AMHERST, MA US","2021-06-10","89","58","65"
"USC00190120","AMHERST, MA US","2021-06-11","82","53","58"
"USC00190120","AMHERST, MA US","2021-06-12","72","57","57"
"USC00190120","AMHERST, MA US","2021-06-13","77","54","58"
"USC00190120","AMHERST, MA US","2021-06-14","80","58","61"
"USC00190120","AMHERST, MA US","2021-06-15","65","59","63"
"USC00190120","AMHERST, MA US","2021-06-16","78","58","60"
"USC00190120","AMHERST, MA US","2021-06-17","72","45","55"
"USC00190120","AMHERST, MA US","2021-06-18","76","46","53"
"USC00190120","AMHERST, MA US","2021-06-19","83","53","67"
"USC00190120","AMHERST, MA US","2021-06-20","86","64","68"
"USC00190120","AMHERST, MA US","2021-06-21","86","67","72"
"USC00190120","AMHERST, MA US","2021-06-22","85","71","72"
"USC00190120","AMHERST, MA US","2021-06-23","72","48","54"
"USC00190120","AMHERST, MA US","2021-06-24","73","45","51"
"USC00190120","AMHERST, MA US","2021-06-25","78","51","57"
"USC00190120","AMHERST, MA US","2021-06-26","74","57","68"
"USC00190120","AMHERST, MA US","2021-06-27","82","68","73"
"USC00190120","AMHERST, MA US","2021-06-28","88","71","74"
"USC00190120","AMHERST, MA US","2021-06-29","94","71","77"
"USC00190120","AMHERST, MA US","2021-06-30","95","72","76"
"USC00190120","AMHERST, MA US","2021-07-01","94","70","72"
"USC00190120","AMHERST, MA US","2021-07-02","76","64","64"
"USC00190120","AMHERST, MA US","2021-07-03","65","56","57"
"USC00190120","AMHERST, MA US","2021-07-04","63","56","57"
"USC00190120","AMHERST, MA US","2021-07-05","73","56","59"
"USC00190120","AMHERST, MA US","2021-07-06","76","59","68"
"USC00190120","AMHERST, MA US","2021-07-07","89","64","69"
"USC00190120","AMHERST, MA US","2021-07-08","90","65","66"
"USC00190120","AMHERST, MA US","2021-07-09","70","64","64"
"USC00190120","AMHERST, MA US","2021-07-10","79","64","66"
"USC00190120","AMHERST, MA US","2021-07-11","81","64","68"
"USC00190120","AMHERST, MA US","2021-07-12","77","63","64"
"USC00190120","AMHERST, MA US","2021-07-13","71","64","65"
"USC00190120","AMHERST, MA US","2021-07-14","71","65","67"
"USC00190120","AMHERST, MA US","2021-07-15","85","66","66"
"USC00190120","AMHERST, MA US","2021-07-16","87","66","73"
"USC00190120","AMHERST, MA US","2021-07-17","89","71","72"
"USC00190120","AMHERST, MA US","2021-07-18","86","65","66"
"USC00190120","AMHERST, MA US","2021-07-19","75","65","66"
"USC00190120","AMHERST, MA US","2021-07-20","77","66","67"
"USC00190120","AMHERST, MA US","2021-07-21","85","64","68"
"USC00190120","AMHERST, MA US","2021-07-22","85","56","60"
"USC00190120","AMHERST, MA US","2021-07-23","80","59","61"
"USC00190120","AMHERST, MA US","2021-07-24","80","55","57"
"USC00190120","AMHERST, MA US","2021-07-25","81","57","66"
"USC00190120","AMHERST, MA US","2021-07-26","76","65","68"
"USC00190120","AMHERST, MA US","2021-07-27","86","59","62"
"USC00190120","AMHERST, MA US","2021-07-28","88","62","64"
"USC00190120","AMHERST, MA US","2021-07-29","88","60","62"
"USC00190120","AMHERST, MA US","2021-07-30","77","62","64"
"USC00190120","AMHERST, MA US","2021-07-31","78","48","52"
"USC00190120","AMHERST, MA US","2021-08-01","73","51","55"
"USC00190120","AMHERST, MA US","2021-08-02","78","54","61"
"USC00190120","AMHERST, MA US","2021-08-03","78","51","53"
"USC00190120","AMHERST, MA US","2021-08-04","75","53","56"
"USC00190120","AMHERST, MA US","2021-08-05","76","56","64"
"USC00190120","AMHERST, MA US","2021-08-06","76","61","64"
"USC00190120","AMHERST, MA US","2021-08-07","87","62","66"
"USC00190120","AMHERST, MA US","2021-08-08","85","66","68"
"USC00190120","AMHERST, MA US","2021-08-09","85","67","69"
"USC00190120","AMHERST, MA US","2021-08-10","82","67","70"
"USC00190120","AMHERST, MA US","2021-08-11","80","69","73"
"USC00190120","AMHERST, MA US","2021-08-12","90","72","75"
"USC00190120","AMHERST, MA US","2021-08-13","93","68","70"
"USC00190120","AMHERST, MA US","2021-08-14","92","70","74"
"USC00190120","AMHERST, MA US","2021-08-15","88","56","59"
"USC00190120","AMHERST, MA US","2021-08-16","80","55","57"
"USC00190120","AMHERST, MA US","2021-08-17","79","57","60"
"USC00190120","AMHERST, MA US","2021-08-18","80","57","70"
"USC00190120","AMHERST, MA US","2021-08-19","84","70","73"
"USC00190120","AMHERST, MA US","2021-08-20","82","71","71"
"USC00190120","AMHERST, MA US","2021-08-21","79","71","72"
"USC00190120","AMHERST, MA US","2021-08-22","87","72","73"
"USC00190120","AMHERST, MA US","2021-08-23","74","66","73"
"USC00190120","AMHERST, MA US","2021-08-24","77","66","69"
"USC00190120","AMHERST, MA US","2021-08-25","89","66","67"
"USC00190120","AMHERST, MA US","2021-08-26","90","66","68"
"USC00190120","AMHERST, MA US","2021-08-27","93","68","70"
"USC00190120","AMHERST, MA US","2021-08-28","89","68","68"
"USC00190120","AMHERST, MA US","2021-08-29","71","62","62"
"USC00190120","AMHERST, MA US","2021-08-30","74","62","72"
"USC00190120","AMHERST, MA US","2021-08-31","85","64","64"
"USC00190120","AMHERST, MA US","2021-09-01","82","61","62"
"USC00190120","AMHERST, MA US","2021-09-02","66","56","58"
"USC00190120","AMHERST, MA US","2021-09-03","73","49","51"
"USC00190120","AMHERST, MA US","2021-09-04","72","48","50"
"USC00190120","AMHERST, MA US","2021-09-05","77","50","56"
"USC00190120","AMHERST, MA US","2021-09-06","70","56","65"
"USC00190120","AMHERST, MA US","2021-09-07","80","52","54"
"USC00190120","AMHERST, MA US","2021-09-08","78","54","60"
"USC00190120","AMHERST, MA US","2021-09-09","81","59","65"
"USC00190120","AMHERST, MA US","2021-09-10","71","58","60"
"USC00190120","AMHERST, MA US","2021-09-11","71","45","46"
"USC00190120","AMHERST, MA US","2021-09-12","77","46","62"
"USC00190120","AMHERST, MA US","2021-09-13","80","62","64"
"USC00190120","AMHERST, MA US","2021-09-14","77","54","55"
"USC00190120","AMHERST, MA US","2021-09-15","73","54","70"
"USC00190120","AMHERST, MA US","2021-09-16","85","63","63"
"USC00190120","AMHERST, MA US","2021-09-17","76","63","64"
"USC00190120","AMHERST, MA US","2021-09-18","72","63","65"
"USC00190120","AMHERST, MA US","2021-09-19","82","54","55"
"USC00190120","AMHERST, MA US","2021-09-20","74","48","50"
"USC00190120","AMHERST, MA US","2021-09-21","75","50","51"
"USC00190120","AMHERST, MA US","2021-09-22","74","51","62"
"USC00190120","AMHERST, MA US","2021-09-23","78","53","70"
"USC00190120","AMHERST, MA US","2021-09-24","82","69","69"
"USC00190120","AMHERST, MA US","2021-09-25","72","50","51"
"USC00190120","AMHERST, MA US","2021-09-26","74","51","54"
"USC00190120","AMHERST, MA US","2021-09-27","70","45","49"
"USC00190120","AMHERST, MA US","2021-09-28","73","49","58"
"USC00190120","AMHERST, MA US","2021-09-29","65","41","42"
"USC00190120","AMHERST, MA US","2021-09-30","64","42","49"
"USC00190120","AMHERST, MA US","2021-10-01","59","37","38"
"USC00190120","AMHERST, MA US","2021-10-02","66","38","44"
"USC00190120","AMHERST, MA US","2021-10-03","75","44","54"
"USC00190120","AMHERST, MA US","2021-10-04","72","54","57"
"USC00190120","AMHERST, MA US","2021-10-05","59","52","53"
"USC00190120","AMHERST, MA US","2021-10-06","58","52","56"
"USC00190120","AMHERST, MA US","2021-10-07","73","53","53"
"USC00190120","AMHERST, MA US","2021-10-08","73","52","54"
"USC00190120","AMHERST, MA US","2021-10-09","74","54","57"
"USC00190120","AMHERST, MA US","2021-10-10","64","53","53"
"USC00190120","AMHERST, MA US","2021-10-11","64","53","58"
"USC00190120","AMHERST, MA US","2021-10-12","69","51","52"
"USC00190120","AMHERST, MA US","2021-10-13","72","49","53"
"USC00190120","AMHERST, MA US","2021-10-14","69","52","53"
"USC00190120","AMHERST, MA US","2021-10-15","76","53","55"
"USC00190120","AMHERST, MA US","2021-10-16","74","55","65"
"USC00190120","AMHERST, MA US","2021-10-17","75","46","46"
"USC00190120","AMHERST, MA US","2021-10-18","62","41","41"
"USC00190120","AMHERST, MA US","2021-10-19","58","35","36"
"USC00190120","AMHERST, MA US","2021-10-20","63","35","45"
"USC00190120","AMHERST, MA US","2021-10-21","74","44","51"
"USC00190120","AMHERST, MA US","2021-10-22","75","50","58"
"USC00190120","AMHERST, MA US","2021-10-23","68","37","37"
"USC00190120","AMHERST, MA US","2021-10-24","58","31","33"
"USC00190120","AMHERST, MA US","2021-10-25","57","33","47"
"USC00190120","AMHERST, MA US","2021-10-26","51","47","51"
"USC00190120","AMHERST, MA US","2021-10-27","55","49","50"
"USC00190120","AMHERST, MA US","2021-10-28","55","44","45"
"USC00190120","AMHERST, MA US","2021-10-29","57","33","35"
"USC00190120","AMHERST, MA US","2021-10-30","54","34","47"
"USC00190120","AMHERST, MA US","2021-10-31","58","46","53"
"USC00190120","AMHERST, MA US","2021-11-01","64","48","50"
"USC00190120","AMHERST, MA US","2021-11-02","56","36","38"
"USC00190120","AMHERST, MA US","2021-11-03","55","29","29"
"USC00190120","AMHERST, MA US","2021-11-04","51","26","27"
"USC00190120","AMHERST, MA US","2021-11-05","49","25","26"
"USC00190120","AMHERST, MA US","2021-11-06","51","23","23"
"USC00190120","AMHERST, MA US","2021-11-07","52","23","24"
"USC00190120","AMHERST, MA US","2021-11-08","56","24","32"
"USC00190120","AMHERST, MA US","2021-11-09","63","31","31"
"USC00190120","AMHERST, MA US","2021-11-10","68","31","50"
"USC00190120","AMHERST, MA US","2021-11-11","61","27","29"
"USC00190120","AMHERST, MA US","2021-11-12","57","29","47"
"USC00190120","AMHERST, MA US","2021-11-13","65","35","35"
"USC00190120","AMHERST, MA US","2021-11-14","60","31","33"
"USC00190120","AMHERST, MA US","2021-11-15","49","33","33"
"USC00190120","AMHERST, MA US","2021-11-16","47","26","27"
"USC00190120","AMHERST, MA US","2021-11-17","45","24","25"
"USC00190120","AMHERST, MA US","2021-11-18","53","25","53"
"USC00190120","AMHERST, MA US","2021-11-19","68","36","39"
"USC00190120","AMHERST, MA US","2021-11-20","46","22","22"
"USC00190120","AMHERST, MA US","2021-11-21","44","22","35"
"USC00190120","AMHERST, MA US","2021-11-22","51","35","48"
"USC00190120","AMHERST, MA US","2021-11-23","50","21","22"
"USC00190120","AMHERST, MA US","2021-11-24","39","21","22"
"USC00190120","AMHERST, MA US","2021-11-25","44","22","22"
"USC00190120","AMHERST, MA US","2021-11-26","42","22","36"
"USC00190120","AMHERST, MA US","2021-11-27","42","32","32"
"USC00190120","AMHERST, MA US","2021-11-28","36","22","29"
"USC00190120","AMHERST, MA US","2021-11-29","34","29","29"
"USC00190120","AMHERST, MA US","2021-11-30","38","17","18"
"USC00190120","AMHERST, MA US","2021-12-01","37","17","26"
"USC00190120","AMHERST, MA US","2021-12-02","43","26","32"
"USC00190120","AMHERST, MA US","2021-12-03","53","32","36"
"USC00190120","AMHERST, MA US","2021-12-04","40","20","22"
"USC00190120","AMHERST, MA US","2021-12-05","40","21","28"
"USC00190120","AMHERST, MA US","2021-12-06","45","26","36"
"USC00190120","AMHERST, MA US","2021-12-07","56","32","32"
"USC00190120","AMHERST, MA US","2021-12-08","38","23","27"
"USC00190120","AMHERST, MA US","2021-12-09","35","17","18"
"USC00190120","AMHERST, MA US","2021-12-10","34","17","29"
"USC00190120","AMHERST, MA US","2021-12-11","37","26","32"
"USC00190120","AMHERST, MA US","2021-12-12","61","31","40"
"USC00190120","AMHERST, MA US","2021-12-13","45","25","30"
"USC00190120","AMHERST, MA US","2021-12-14","53","25","27"
"USC00190120","AMHERST, MA US","2021-12-15","52","24","26"
"USC00190120","AMHERST, MA US","2021-12-16","43","25","41"
"USC00190120","AMHERST, MA US","2021-12-17","60","41","50"
"USC00190120","AMHERST, MA US","2021-12-18","55","32","35"
"USC00190120","AMHERST, MA US","2021-12-19","38","32","35"
"USC00190120","AMHERST, MA US","2021-12-20","36","16","17"
"USC00190120","AMHERST, MA US","2021-12-21","33","17","22"
"USC00190120","AMHERST, MA US","2021-12-22","41","22","33"
"USC00190120","AMHERST, MA US","2021-12-23","43","24","24"
"USC00190120","AMHERST, MA US","2021-12-24","31","20","21"
"USC00190120","AMHERST, MA US","2021-12-25","27","21","27"
"USC00190120","AMHERST, MA US","2021-12-26","35","26","35"
"USC00190120","AMHERST, MA US","2021-12-27","40","29","30"
"USC00190120","AMHERST, MA US","2021-12-28","32","29","31"
"USC00190120","AMHERST, MA US","2021-12-29","44","31","33"
"USC00190120","AMHERST, MA US","2021-12-30","39","33","36"
"USC00190120","AMHERST, MA US","2021-12-31","45","36","39"
"USC00190120","AMHERST, MA US","2022-01-01","46","39","46"
"USC00190120","AMHERST, MA US","2022-01-02","48","43","44"
"USC00190120","AMHERST, MA US","2022-01-03","44","25","25"
"USC00190120","AMHERST, MA US","2022-01-04","25","11","11"
"USC00190120","AMHERST, MA US","2022-01-05","33","11","26"
"USC00190120","AMHERST, MA US","2022-01-06","41","26","28"
"USC00190120","AMHERST, MA US","2022-01-07","36","26","26"
"USC00190120","AMHERST, MA US","2022-01-08","32","12","13"
"USC00190120","AMHERST, MA US","2022-01-09","30","10","28"
"USC00190120","AMHERST, MA US","2022-01-10","37","25","25"
"USC00190120","AMHERST, MA US","2022-01-11","26","9","9"
"USC00190120","AMHERST, MA US","2022-01-12","12","2","10"
"USC00190120","AMHERST, MA US","2022-01-13","34","2","26"
"USC00190120","AMHERST, MA US","2022-01-14","39","25","27"
"USC00190120","AMHERST, MA US","2022-01-15","38","3","3"
"USC00190120","AMHERST, MA US","2022-01-16","37","-1","-1"
"USC00190120","AMHERST, MA US","2022-01-17","38","-2","38"
"USC00190120","AMHERST, MA US","2022-01-18","42","24","24"
"USC00190120","AMHERST, MA US","2022-01-19","29","11","19"
"USC00190120","AMHERST, MA US","2022-01-20","43","19","36"
"USC00190120","AMHERST, MA US","2022-01-21","36","4","4"
"USC00190120","AMHERST, MA US","2022-01-22","19","2","2"
"USC00190120","AMHERST, MA US","2022-01-23","26","1","14"
"USC00190120","AMHERST, MA US","2022-01-24","32","13","14"
"USC00190120","AMHERST, MA US","2022-01-25","29","13","26"
"USC00190120","AMHERST, MA US","2022-01-26","38","7","7"
"USC00190120","AMHERST, MA US","2022-01-27","23","-2","-1"
"USC00190120","AMHERST, MA US","2022-01-28","27","-2","22"
"USC00190120","AMHERST, MA US","2022-01-29","35","14","15"
"USC00190120","AMHERST, MA US","2022-01-30","15","-6","-5"
"USC00190120","AMHERST, MA US","2022-01-31","21","-6","-5"
"USC00190120","AMHERST, MA US","2022-02-01","31","-6","3"
"USC00190120","AMHERST, MA US","2022-02-02","33","2","29"
"USC00190120","AMHERST, MA US","2022-02-03","42","29","39"
"USC00190120","AMHERST, MA US","2022-02-04","43","33","34"
"USC00190120","AMHERST, MA US","2022-02-05","34","18","18"
"USC00190120","AMHERST, MA US","2022-02-06","22","8","8"
"USC00190120","AMHERST, MA US","2022-02-07","28","8","19"
"USC00190120","AMHERST, MA US","2022-02-08","34","19","34"
"USC00190120","AMHERST, MA US","2022-02-09","41","21","21"
"USC00190120","AMHERST, MA US","2022-02-10","42","21","30"
"USC00190120","AMHERST, MA US","2022-02-11","50","21","22"
"USC00190120","AMHERST, MA US","2022-02-12","54","22","39"
"USC00190120","AMHERST, MA US","2022-02-13","55","26","26"
"USC00190120","AMHERST, MA US","2022-02-14","30","14","14"
"USC00190120","AMHERST, MA US","2022-02-15","20","10","12"
"USC00190120","AMHERST, MA US","2022-02-16","28","10","11"
"USC00190120","AMHERST, MA US","2022-02-17","46","11","46"
"USC00190120","AMHERST, MA US","2022-02-18","62","46","58"
"USC00190120","AMHERST, MA US","2022-02-19","58","15","17"
"USC00190120","AMHERST, MA US","2022-02-20","33","9","12"
"USC00190120","AMHERST, MA US","2022-02-21","32","12","29"
"USC00190120","AMHERST, MA US","2022-02-22","53","24","25"
"USC00190120","AMHERST, MA US","2022-02-23","56","25","53"
"USC00190120","AMHERST, MA US","2022-02-24","66","21","21"
"USC00190120","AMHERST, MA US","2022-02-25","30","21","22"
"USC00190120","AMHERST, MA US","2022-02-26","25","4","6"
"USC00190120","AMHERST, MA US","2022-02-27","34","5","21"
"USC00190120","AMHERST, MA US","2022-02-28","40","16","16"
"USC00190120","AMHERST, MA US","2022-03-01","28","9","14"
"USC00190120","AMHERST, MA US","2022-03-02","39","14","36"
"USC00190120","AMHERST, MA US","2022-03-03","39","22","24"
"USC00190120","AMHERST, MA US","2022-03-04","36","8","12"
"USC00190120","AMHERST, MA US","2022-03-05","35","11","14"
"USC00190120","AMHERST, MA US","2022-03-06","41","14","35"
"USC00190120","AMHERST, MA US","2022-03-07","64","35","45"
"USC00190120","AMHERST, MA US","2022-03-08","53","35","35"
"USC00190120","AMHERST, MA US","2022-03-09","42","25","28"
"USC00190120","AMHERST, MA US","2022-03-10","33","20","23"
"USC00190120","AMHERST, MA US","2022-03-11","49","22","25"
"USC00190120","AMHERST, MA US","2022-03-12","53","25","37"
"USC00190120","AMHERST, MA US","2022-03-13","39","20","20"
"USC00190120","AMHERST, MA US","2022-03-14","35","20","30"
"USC00190120","AMHERST, MA US","2022-03-15","51","29","31"
"USC00190120","AMHERST, MA US","2022-03-16","61","30","37"
"USC00190120","AMHERST, MA US","2022-03-17","60","37","41"
"USC00190120","AMHERST, MA US","2022-03-18","50","40","43"
"USC00190120","AMHERST, MA US","2022-03-19","73","43","51"
"USC00190120","AMHERST, MA US","2022-03-20","51","43","45"
"USC00190120","AMHERST, MA US","2022-03-21","56","33","34"
"USC00190120","AMHERST, MA US","2022-03-22","55","29","30"
"USC00190120","AMHERST, MA US","2022-03-23","56","23","24"
"USC00190120","AMHERST, MA US","2022-03-24","48","24","35"
"USC00190120","AMHERST, MA US","2022-03-25","43","35","39"
"USC00190120","AMHERST, MA US","2022-03-26","61","36","38"
"USC00190120","AMHERST, MA US","2022-03-27","53","35","38"
"USC00190120","AMHERST, MA US","2022-03-28","44","22","22"
"USC00190120","AMHERST, MA US","2022-03-29","28","17","20"
"USC00190120","AMHERST, MA US","2022-03-30","37","19","23"
"USC00190120","AMHERST, MA US","2022-03-31","46","23","39"
"USC00190120","AMHERST, MA US","2022-04-01","62","37","48"
"USC00190120","AMHERST, MA US","2022-04-02","54","36","36"
"USC00190120","AMHERST, MA US","2022-04-03","52","29","31"
"USC00190120","AMHERST, MA US","2022-04-04","51","31","37"
"USC00190120","AMHERST, MA US","2022-04-05","54","28","29"
"USC00190120","AMHERST, MA US","2022-04-06","61","29","43"
"USC00190120","AMHERST, MA US","2022-04-07","61","30","42"
"USC00190120","AMHERST, MA US","2022-04-08","52","42","43"
"USC00190120","AMHERST, MA US","2022-04-09","60","37","41"
"USC00190120","AMHERST, MA US","2022-04-10","53","30","33"
"USC00190120","AMHERST, MA US","2022-04-11","54","29","34"
"USC00190120","AMHERST, MA US","2022-04-12","64","34","48"
"USC00190120","AMHERST, MA US","2022-04-13","68","36","41"
"USC00190120","AMHERST, MA US","2022-04-14","74","41","50"
"USC00190120","AMHERST, MA US","2022-04-15","68","38","41"
"USC00190120","AMHERST, MA US","2022-04-16","67","41","54"
"USC00190120","AMHERST, MA US","2022-04-17","66","34","37"
"USC00190120","AMHERST, MA US","2022-04-18","46","25","29"
"USC00190120","AMHERST, MA US","2022-04-19","60","29","43"
"USC00190120","AMHERST, MA US","2022-04-20","48","40","42"
"USC00190120","AMHERST, MA US","2022-04-21","54","28","33"
"USC00190120","AMHERST, MA US","2022-04-22","60","33","49"
"USC00190120","AMHERST, MA US","2022-04-23","61","31","36"
"USC00190120","AMHERST, MA US","2022-04-24","65","36","49"
"USC00190120","AMHERST, MA US","2022-04-25","59","39","42"
"USC00190120","AMHERST, MA US","2022-04-26","66","42","50"
"USC00190120","AMHERST, MA US","2022-04-27","54","46","47"
"USC00190120","AMHERST, MA US","2022-04-28","54","38","38"
"USC00190120","AMHERST, MA US","2022-04-29","53","32","39"
"USC00190120","AMHERST, MA US","2022-04-30","58","28","35"
"USC00190120","AMHERST, MA US","2022-05-01","63","32","39"
"USC00190120","AMHERST, MA US","2022-05-02","70","39","47"
"USC00190120","AMHERST, MA US","2022-05-03","58","46","47"
"USC00190120","AMHERST, MA US","2022-05-04","56","47","48"
"USC00190120","AMHERST, MA US","2022-05-05","55","43","44"
"USC00190120","AMHERST, MA US","2022-05-06","71","44","47"
"USC00190120","AMHERST, MA US","2022-05-07","63","47","50"
"USC00190120","AMHERST, MA US","2022-05-08","54","41","44"
"USC00190120","AMHERST, MA US","2022-05-09","60","33","41"
"USC00190120","AMHERST, MA US","2022-05-10","69","37","47"
"USC00190120","AMHERST, MA US","2022-05-11","70","37","40"
"USC00190120","AMHERST, MA US","2022-05-12","79","40","52"
"USC00190120","AMHERST, MA US","2022-05-13","83","52","63"
"USC00190120","AMHERST, MA US","2022-05-14","82","63","67"
"USC00190120","AMHERST, MA US","2022-05-15","84","64","64"
"USC00190120","AMHERST, MA US","2022-05-16","81","63","64"
"USC00190120","AMHERST, MA US","2022-05-17","81","53","57"
"USC00190120","AMHERST, MA US","2022-05-18","69","48","53"
"USC00190120","AMHERST, MA US","2022-05-19","71","50","50"
"USC00190120","AMHERST, MA US","2022-05-20","58","44","48"
"USC00190120","AMHERST, MA US","2022-05-21","77","48","63"
"USC00190120","AMHERST, MA US","2022-05-22","88","48","70"
"USC00190120","AMHERST, MA US","2022-05-23","91","56","57"
"USC00190120","AMHERST, MA US","2022-05-24","71","51","52"
"USC00190120","AMHERST, MA US","2022-05-25","72","46","52"
"USC00190120","AMHERST, MA US","2022-05-26","75","50","53"
"USC00190120","AMHERST, MA US","2022-05-27","71","53","63"
"USC00190120","AMHERST, MA US","2022-05-28","78","63","64"
"USC00190120","AMHERST, MA US","2022-05-29","74","50","51"
"USC00190120","AMHERST, MA US","2022-05-30","78","51","58"
"USC00190120","AMHERST, MA US","2022-05-31","87","58","69"
"USC00190120","AMHERST, MA US","2022-06-01","89","58","59"
"USC00190120","AMHERST, MA US","2022-06-02","66","55","58"
"USC00190120","AMHERST, MA US","2022-06-03","74","57","60"
"USC00190120","AMHERST, MA US","2022-06-04","81","58","60"
"USC00190120","AMHERST, MA US","2022-06-05","81","46","56"
"USC00190120","AMHERST, MA US","2022-06-06","74","45","52"
"USC00190120","AMHERST, MA US","2022-06-07","81","52","63"
"USC00190120","AMHERST, MA US","2022-06-08","77","62","65"
"USC00190120","AMHERST, MA US","2022-06-09","77","58","59"
"USC00190120","AMHERST, MA US","2022-06-10","80","52","61"
"USC00190120","AMHERST, MA US","2022-06-11","76","49","53"
"USC00190120","AMHERST, MA US","2022-06-12","77","51","55"
"USC00190120","AMHERST, MA US","2022-06-13","75","55","66"
"USC00190120","AMHERST, MA US","2022-06-14","84","52","61"
"USC00190120","AMHERST, MA US","2022-06-15","81","54","62"
"USC00190120","AMHERST, MA US","2022-06-16","81","62","64"
"USC00190120","AMHERST, MA US","2022-06-17","72","64","68"
"USC00190120","AMHERST, MA US","2022-06-18","84","62","63"
"USC00190120","AMHERST, MA US","2022-06-19","64","49","52"
"USC00190120","AMHERST, MA US","2022-06-20","69","43","54"
"USC00190120","AMHERST, MA US","2022-06-21","78","48","54"
"USC00190120","AMHERST, MA US","2022-06-22","73","54","59"
"USC00190120","AMHERST, MA US","2022-06-23","62","58","59"
"USC00190120","AMHERST, MA US","2022-06-24","75","59","63"
"USC00190120","AMHERST, MA US","2022-06-25","84","56","63"
"USC00190120","AMHERST, MA US","2022-06-26","90","60","66"
"USC00190120","AMHERST, MA US","2022-06-27","90","66","70"
"USC00190120","AMHERST, MA US","2022-06-28","79","50","57"
"USC00190120","AMHERST, MA US","2022-06-29","79","52","58"
"USC00190120","AMHERST, MA US","2022-06-30","83","54","60"
"USC00190120","AMHERST, MA US","2022-07-01","82","57","65"
"USC00190120","AMHERST, MA US","2022-07-02","92","65","69"
"USC00190120","AMHERST, MA US","2022-07-03","85","61","62"
"USC00190120","AMHERST, MA US","2022-07-04","84","52","60"
"USC00190120","AMHERST, MA US","2022-07-05","83","57","62"
"USC00190120","AMHERST, MA US","2022-07-06","73","62","73"
"USC00190120","AMHERST, MA US","2022-07-07","80","53","61"
"USC00190120","AMHERST, MA US","2022-07-08","83","61","66"
"USC00190120","AMHERST, MA US","2022-07-09","85","58","65"
"USC00190120","AMHERST, MA US","2022-07-10","82","49","56"
"USC00190120","AMHERST, MA US","2022-07-11","81","52","60"
"USC00190120","AMHERST, MA US","2022-07-12","87","60","68"
"USC00190120","AMHERST, MA US","2022-07-13","88","62","68"
"USC00190120","AMHERST, MA US","2022-07-14","86","63","65"
"USC00190120","AMHERST, MA US","2022-07-15","84","54","60"
"USC00190120","AMHERST, MA US","2022-07-16","84","57","61"
"USC00190120","AMHERST, MA US","2022-07-17","81","61","67"
"USC00190120","AMHERST, MA US","2022-07-18","88","67","71"
"USC00190120","AMHERST, MA US","2022-07-19","77","69","71"
"USC00190120","AMHERST, MA US","2022-07-20","89","67","71"
"USC00190120","AMHERST, MA US","2022-07-21","93","71","74"
"USC00190120","AMHERST, MA US","2022-07-22","93","65","71"
"USC00190120","AMHERST, MA US","2022-07-23","92","65","69"
"USC00190120","AMHERST, MA US","2022-07-24","93","67","72"
"USC00190120","AMHERST, MA US","2022-07-25","94","71","77"
"USC00190120","AMHERST, MA US","2022-07-26","88","58","65"
"USC00190120","AMHERST, MA US","2022-07-27","79","52","58"
"USC00190120","AMHERST, MA US","2022-07-28","84","58","64"
"USC00190120","AMHERST, MA US","2022-07-29","90","64","68"
"USC00190120","AMHERST, MA US","2022-07-30","89","67","72"
"USC00190120","AMHERST, MA US","2022-07-31","82","56","61"
"USC00190120","AMHERST, MA US","2022-08-01","84","61","68"
"USC00190120","AMHERST, MA US","2022-08-02","83","65","69"
"USC00190120","AMHERST, MA US","2022-08-03","90","60","67"
"USC00190120","AMHERST, MA US","2022-08-04","88","63","68"
"USC00190120","AMHERST, MA US","2022-08-05","96","67","71"
"USC00190120","AMHERST, MA US","2022-08-06","91","69","72"
"USC00190120","AMHERST, MA US","2022-08-07","95","71","76"
"USC00190120","AMHERST, MA US","2022-08-08","95","73","76"
"USC00190120","AMHERST, MA US","2022-08-09","97","75","78"
"USC00190120","AMHERST, MA US","2022-08-10","91","68","69"
"USC00190120","AMHERST, MA US","2022-08-11","82","61","65"
"USC00190120","AMHERST, MA US","2022-08-12","85","62","64"
"USC00190120","AMHERST, MA US","2022-08-13","81","52","54"
"USC00190120","AMHERST, MA US","2022-08-14","76","49","55"
"USC00190120","AMHERST, MA US","2022-08-15","83","52","56"
"USC00190120","AMHERST, MA US","2022-08-16","86","52","58"
"USC00190120","AMHERST, MA US","2022-08-17","85","58","65"
"USC00190120","AMHERST, MA US","2022-08-18","77","59","63"
"USC00190120","AMHERST, MA US","2022-08-19","83","55","59"
"USC00190120","AMHERST, MA US","2022-08-20","89","59","61"
"USC00190120","AMHERST, MA US","2022-08-21","93","61","69"
"USC00190120","AMHERST, MA US","2022-08-22","87","66","67"
"USC00190120","AMHERST, MA US","2022-08-23","77","67","68"
"USC00190120","AMHERST, MA US","2022-08-24","81","64","67"
"USC00190120","AMHERST, MA US","2022-08-25","85","61","63"
"USC00190120","AMHERST, MA US","2022-08-26","89","63","65"
"USC00190120","AMHERST, MA US","2022-08-27","86","65","67"
"USC00190120","AMHERST, MA US","2022-08-28","84","59","63"
"USC00190120","AMHERST, MA US","2022-08-29","80","63","68"
"USC00190120","AMHERST, MA US","2022-08-30","87","67","72"
"USC00190120","AMHERST, MA US","2022-08-31","88","65","65"
"USC00190120","AMHERST, MA US","2022-09-01","80","57","60"
"USC00190120","AMHERST, MA US","2022-09-02","75","46","48"
"USC00190120","AMHERST, MA US","2022-09-03","77","48","53"
"USC00190120","AMHERST, MA US","2022-09-04","80","53","59"
"USC00190120","AMHERST, MA US","2022-09-05","85","59","67"
"USC00190120","AMHERST, MA US","2022-09-06","71","62","62"
"USC00190120","AMHERST, MA US","2022-09-07","64","60","61"
"USC00190120","AMHERST, MA US","2022-09-08","72","58","59"
"USC00190120","AMHERST, MA US","2022-09-09","79","49","51"
"USC00190120","AMHERST, MA US","2022-09-10","80","51","55"
"USC00190120","AMHERST, MA US","2022-09-11","85","55","62"
"USC00190120","AMHERST, MA US","2022-09-12","73","62","64"
"USC00190120","AMHERST, MA US","2022-09-13","77","64","67"
"USC00190120","AMHERST, MA US","2022-09-14","77","54","57"
"USC00190120","AMHERST, MA US","2022-09-15","77","56","56"
"USC00190120","AMHERST, MA US","2022-09-16","69","42","43"
"USC00190120","AMHERST, MA US","2022-09-17","71","43","47"
"USC00190120","AMHERST, MA US","2022-09-18","70","47","58"
"USC00190120","AMHERST, MA US","2022-09-19","82","58","62"
"USC00190120","AMHERST, MA US","2022-09-20","79","60","60"
"USC00190120","AMHERST, MA US","2022-09-21","74","52","54"
"USC00190120","AMHERST, MA US","2022-09-22","73","54","67"
"USC00190120","AMHERST, MA US","2022-09-23","67","48","48"
"USC00190120","AMHERST, MA US","2022-09-24","58","37","43"
"USC00190120","AMHERST, MA US","2022-09-25","67","43","43"
"USC00190120","AMHERST, MA US","2022-09-26","63","43","56"
"USC00190120","AMHERST, MA US","2022-09-27","72","47","50"
"USC00190120","AMHERST, MA US","2022-09-28","69","46","47"
"USC00190120","AMHERST, MA US","2022-09-29","69","42","43"
"USC00190120","AMHERST, MA US","2022-09-30","63","40","41"
"USC00190120","AMHERST, MA US","2022-10-01","62","41","47"
"USC00190120","AMHERST, MA US","2022-10-02","61","47","54"
"USC00190120","AMHERST, MA US","2022-10-03","56","44","44"
"USC00190120","AMHERST, MA US","2022-10-04","56","44","46"
"USC00190120","AMHERST, MA US","2022-10-05","59","46","50"
"USC00190120","AMHERST, MA US","2022-10-06","61","50","52"
"USC00190120","AMHERST, MA US","2022-10-07","74","49","50"
"USC00190120","AMHERST, MA US","2022-10-08","75","46","46"
"USC00190120","AMHERST, MA US","2022-10-09","57","31","31"
"USC00190120","AMHERST, MA US","2022-10-10","62","31","46"
"USC00190120","AMHERST, MA US","2022-10-11","61","39","39"
"USC00190120","AMHERST, MA US","2022-10-12","66","38","38"
"USC00190120","AMHERST, MA US","2022-10-13","71","38","52"
"USC00190120","AMHERST, MA US","2022-10-14","70","52","53"
"USC00190120","AMHERST, MA US","2022-10-15","64","43","44"
"USC00190120","AMHERST, MA US","2022-10-16","68","40","40"
"USC00190120","AMHERST, MA US","2022-10-17","65","40","40"
"USC00190120","AMHERST, MA US","2022-10-18","53","40","50"
"USC00190120","AMHERST, MA US","2022-10-19","59","29","30"
"USC00190120","AMHERST, MA US","2022-10-20","54","30","35"
"USC00190120","AMHERST, MA US","2022-10-21","57","28","29"
"USC00190120","AMHERST, MA US","2022-10-22","61","29","32"
"USC00190120","AMHERST, MA US","2022-10-23","68","31","37"
"USC00190120","AMHERST, MA US","2022-10-24","55","37","53"
"USC00190120","AMHERST, MA US","2022-10-25","57","52","57"
"USC00190120","AMHERST, MA US","2022-10-26","66","57","61"
"USC00190120","AMHERST, MA US","2022-10-27","69","51","56"
"USC00190120","AMHERST, MA US","2022-10-28","65","37","39"
"USC00190120","AMHERST, MA US","2022-10-29","55","28","28"
"USC00190120","AMHERST, MA US","2022-10-30","62","27","28"
"USC00190120","AMHERST, MA US","2022-10-31","66","27","30"
"USC00190120","AMHERST, MA US","2022-11-01","67","30","55"
"USC00190120","AMHERST, MA US","2022-11-02","65","39","39"
"USC00190120","AMHERST, MA US","2022-11-03","70","32","32"
"USC00190120","AMHERST, MA US","2022-11-04","67","31","42"
"USC00190120","AMHERST, MA US","2022-11-05","72","42","58"
"USC00190120","AMHERST, MA US","2022-11-06","75","57","66"
"USC00190120","AMHERST, MA US","2022-11-07","73","64","64"
"USC00190120","AMHERST, MA US","2022-11-08","73","36","38"
"USC00190120","AMHERST, MA US","2022-11-09","53","25","27"
"USC00190120","AMHERST, MA US","2022-11-10","50","27","31"
"USC00190120","AMHERST, MA US","2022-11-11","69","31","44"
"USC00190120","AMHERST, MA US","2022-11-12","71","44","69"
"USC00190120","AMHERST, MA US","2022-11-13","70","48","48"
"USC00190120","AMHERST, MA US","2022-11-14","50","31","33"
"USC00190120","AMHERST, MA US","2022-11-15","41","19","20"
"USC00190120","AMHERST, MA US","2022-11-16","39","20","34"
"USC00190120","AMHERST, MA US","2022-11-17","46","30","32"
"USC00190120","AMHERST, MA US","2022-11-18","44","26","30"
"USC00190120","AMHERST, MA US","2022-11-19","43","20","21"
"USC00190120","AMHERST, MA US","2022-11-20","41","20","21"
"USC00190120","AMHERST, MA US","2022-11-21","35","18","19"
"USC00190120","AMHERST, MA US","2022-11-22","38","19","24"
"USC00190120","AMHERST, MA US","2022-11-23","48","23","23"
"USC00190120","AMHERST, MA US","2022-11-24","50","20","21"
"USC00190120","AMHERST, MA US","2022-11-25","47","21","45"
"USC00190120","AMHERST, MA US","2022-11-26","50","38","38"
"USC00190120","AMHERST, MA US","2022-11-27","53","28","31"
"USC00190120","AMHERST, MA US","2022-11-28","50","31","49"
"USC00190120","AMHERST, MA US","2022-11-29","50","27","29"
"USC00190120","AMHERST, MA US","2022-11-30","41","24","31"
"USC00190120","AMHERST, MA US","2022-12-01","57","31","34"
"USC00190120","AMHERST, MA US","2022-12-02","40","22","22"
"USC00190120","AMHERST, MA US","2022-12-03","43","22","42"
"USC00190120","AMHERST, MA US","2022-12-04","55","33","37"
"USC00190120","AMHERST, MA US","2022-12-05","40","18","19"
"USC00190120","AMHERST, MA US","2022-12-06","45","19","35"
"USC00190120","AMHERST, MA US","2022-12-07","54","35","53"
"USC00190120","AMHERST, MA US","2022-12-08","57","43","46"
"USC00190120","AMHERST, MA US","2022-12-09","49","31","33"
"USC00190120","AMHERST, MA US","2022-12-10","44","25","25"
"USC00190120","AMHERST, MA US","2022-12-11","36","25","30"
"USC00190120","AMHERST, MA US","2022-12-12","30","24","25"
"USC00190120","AMHERST, MA US","2022-12-13","35","9","9"
"USC00190120","AMHERST, MA US","2022-12-14","40","9","22"
"USC00190120","AMHERST, MA US","2022-12-15","36","22","31"
"USC00190120","AMHERST, MA US","2022-12-16","40","31","33"
"USC00190120","AMHERST, MA US","2022-12-17","36","32","33"
"USC00190120","AMHERST, MA US","2022-12-18","42","25","25"
"USC00190120","AMHERST, MA US","2022-12-19","39","22","30"
"USC00190120","AMHERST, MA US","2022-12-20","37","26","28"
"USC00190120","AMHERST, MA US","2022-12-21","38","16","17"
"USC00190120","AMHERST, MA US","2022-12-22","38","16","21"
"USC00190120","AMHERST, MA US","2022-12-23","56","21","55"
"USC00190120","AMHERST, MA US","2022-12-24","59","5","6"
"USC00190120","AMHERST, MA US","2022-12-25","15","6","10"
"USC00190120","AMHERST, MA US","2022-12-26","26","9","10"
"USC00190120","AMHERST, MA US","2022-12-27","31","9","25"
"USC00190120","AMHERST, MA US","2022-12-28","34","15","21"
"USC00190120","AMHERST, MA US","2022-12-29","42","21","22"
"USC00190120","AMHERST, MA US","2022-12-30","49","22","36"
"USC00190120","AMHERST, MA US","2022-12-31","53","29","34"
"USC00190120","AMHERST, MA US","2023-01-01","50","33","48"
"USC00190120","AMHERST, MA US","2023-01-02","48","25","26"
"USC00190120","AMHERST, MA US","2023-01-03","51","26","31"
"USC00190120","AMHERST, MA US","2023-01-04","37","31","36"
"USC00190120","AMHERST, MA US","2023-01-05","44","36","43"
"USC00190120","AMHERST, MA US","2023-01-06","43","36","36"
"USC00190120","AMHERST, MA US","2023-01-07","36","26","26"
"USC00190120","AMHERST, MA US","2023-01-08","41","21","21"
"USC00190120","AMHERST, MA US","2023-01-09","37","20","23"
"USC00190120","AMHERST, MA US","2023-01-10","37","20","37"
"USC00190120","AMHERST, MA US","2023-01-11","40","20","20"
"USC00190120","AMHERST, MA US","2023-01-12","33","20","29"
"USC00190120","AMHERST, MA US","2023-01-13","37","29","35"
"USC00190120","AMHERST, MA US","2023-01-14","53","31","31"
"USC00190120","AMHERST, MA US","2023-01-15","33","27","28"
"USC00190120","AMHERST, MA US","2023-01-16","37","25","27"
"USC00190120","AMHERST, MA US","2023-01-17","35","20","21"
"USC00190120","AMHERST, MA US","2023-01-18","45","20","33"
"USC00190120","AMHERST, MA US","2023-01-19","48","30","32"
"USC00190120","AMHERST, MA US","2023-01-20","38","32","34"
"USC00190120","AMHERST, MA US","2023-01-21","36","32","32"
"USC00190120","AMHERST, MA US","2023-01-22","34","30","31"
"USC00190120","AMHERST, MA US","2023-01-23","36","31","33"
"USC00190120","AMHERST, MA US","2023-01-24","34","29","34"
"USC00190120","AMHERST, MA US","2023-01-25","37","25","26"
"USC00190120","AMHERST, MA US","2023-01-26","37","25","36"
"USC00190120","AMHERST, MA US","2023-01-27","43","25","26"
"USC00190120","AMHERST, MA US","2023-01-28","39","25","34"
"USC00190120","AMHERST, MA US","2023-01-29","48","27","28"
"USC00190120","AMHERST, MA US","2023-01-30","48","26","28"
"USC00190120","AMHERST, MA US","2023-01-31","48","26","32"
"USC00190120","AMHERST, MA US","2023-02-01","35","18","18"
"USC00190120","AMHERST, MA US","2023-02-02","32","15","16"
"USC00190120","AMHERST, MA US","2023-02-03","38","16","17"
"USC00190120","AMHERST, MA US","2023-02-04","17","-11","-10"
"USC00190120","AMHERST, MA US","2023-02-05","24","-11","24"
"USC00190120","AMHERST, MA US","2023-02-06","47","22","23"
"USC00190120","AMHERST, MA US","2023-02-07","47","20","20"
"USC00190120","AMHERST, MA US","2023-02-08","39","20","30"
"USC00190120","AMHERST, MA US","2023-02-09","46","21","24"
"USC00190120","AMHERST, MA US","2023-02-10","37","24","35"
"USC00190120","AMHERST, MA US","2023-02-11","55","33","33"
"USC00190120","AMHERST, MA US","2023-02-12","42","19","20"
"USC00190120","AMHERST, MA US","2023-02-13","48","19","31"
"USC00190120","AMHERST, MA US","2023-02-14","49","31","41"
"USC00190120","AMHERST, MA US","2023-02-15","50","25","30"
"USC00190120","AMHERST, MA US","2023-02-16","60","30","35"
"USC00190120","AMHERST, MA US","2023-02-17","57","35","49"
"USC00190120","AMHERST, MA US","2023-02-18","56","22","23"
"USC00190120","AMHERST, MA US","2023-02-19","40","22","24"
"USC00190120","AMHERST, MA US","2023-02-20","46","24","32"
"USC00190120","AMHERST, MA US","2023-02-21","57","32","32"
"USC00190120","AMHERST, MA US","2023-02-22","37","26","27"
"USC00190120","AMHERST, MA US","2023-02-23","40","27","30"
"USC00190120","AMHERST, MA US","2023-02-24","37","27","36"
"USC00190120","AMHERST, MA US","2023-02-25","36","11","14"
"USC00190120","AMHERST, MA US","2023-02-26","19","14","19"
"USC00190120","AMHERST, MA US","2023-02-27","35","19","27"
"USC00190120","AMHERST, MA US","2023-02-28","37","25","26"
"USC00190120","AMHERST, MA US","2023-03-01","32","18","19"
"USC00190120","AMHERST, MA US","2023-03-02","39","18","33"
"USC00190120","AMHERST, MA US","2023-03-03","44","24","27"
"USC00190120","AMHERST, MA US","2023-03-04","44","26","32"
"USC00190120","AMHERST, MA US","2023-03-05","38","29","31"
"USC00190120","AMHERST, MA US","2023-03-06","43","31","38"
"USC00190120","AMHERST, MA US","2023-03-07","46","28","31"
"USC00190120","AMHERST, MA US","2023-03-08","39","27","29"
"USC00190120","AMHERST, MA US","2023-03-09","46","29","33"
"USC00190120","AMHERST, MA US","2023-03-10","47","23","26"
"USC00190120","AMHERST, MA US","2023-03-11","48","26","34"
"USC00190120","AMHERST, MA US","2023-03-12","42","25","25"
"USC00190120","AMHERST, MA US","2023-03-13","50","25","35"
"USC00190120","AMHERST, MA US","2023-03-14","50","25","32"
"USC00190120","AMHERST, MA US","2023-03-15","36","32","33"
"USC00190120","AMHERST, MA US","2023-03-16","39","23","24"
"USC00190120","AMHERST, MA US","2023-03-17","50","24","31"
"USC00190120","AMHERST, MA US","2023-03-18","53","31","39"
"USC00190120","AMHERST, MA US","2023-03-19","47","25","25"
"USC00190120","AMHERST, MA US","2023-03-20","36","25","27"
"USC00190120","AMHERST, MA US","2023-03-21","51","22","23"
"USC00190120","AMHERST, MA US","2023-03-22","58","22","29"
"USC00190120","AMHERST, MA US","2023-03-23","62","28","48"
"USC00190120","AMHERST, MA US","2023-03-24","56","39","39"
"USC00190120","AMHERST, MA US","2023-03-25","52","26","30"
"USC00190120","AMHERST, MA US","2023-03-26","38","30","37"
"USC00190120","AMHERST, MA US","2023-03-27","57","26","27"
"USC00190120","AMHERST, MA US","2023-03-28","58","27","37"
"USC00190120","AMHERST, MA US","2023-03-29","48","24","26"
"USC00190120","AMHERST, MA US","2023-03-30","54","25","29"
"USC00190120","AMHERST, MA US","2023-03-31","39","21","24"
"USC00190120","AMHERST, MA US","2023-04-01","48","24","36"
"USC00190120","AMHERST, MA US","2023-04-02","63","36","39"
"USC00190120","AMHERST, MA US","2023-04-03","45","21","23"
"USC00190120","AMHERST, MA US","2023-04-04","56","23","41"
"USC00190120","AMHERST, MA US","2023-04-05","68","41","51"
"USC00190120","AMHERST, MA US","2023-04-06","51","37","38"
"USC00190120","AMHERST, MA US","2023-04-07","65","38","43"
"USC00190120","AMHERST, MA US","2023-04-08","53","24","28"
"USC00190120","AMHERST, MA US","2023-04-09","51","24","26"
"USC00190120","AMHERST, MA US","2023-04-10","55","26","29"
"USC00190120","AMHERST, MA US","2023-04-11","67","29","34"
"USC00190120","AMHERST, MA US","2023-04-12","74","34","61"
"USC00190120","AMHERST, MA US","2023-04-13","76","44","46"
"USC00190120","AMHERST, MA US","2023-04-14","88","46","51"
"USC00190120","AMHERST, MA US","2023-04-15","91","51","54"
"USC00190120","AMHERST, MA US","2023-04-16","79","53","59"
"USC00190120","AMHERST, MA US","2023-04-17","70","57","57"
"USC00190120","AMHERST, MA US","2023-04-18","58","45","47"
"USC00190120","AMHERST, MA US","2023-04-19","53","36","39"
"USC00190120","AMHERST, MA US","2023-04-20","47","35","39"
"USC00190120","AMHERST, MA US","2023-04-21","67","39","47"
"USC00190120","AMHERST, MA US","2023-04-22","74","47","48"
"USC00190120","AMHERST, MA US","2023-04-23","62","47","49"
"USC00190120","AMHERST, MA US","2023-04-24","50","44","45"
"USC00190120","AMHERST, MA US","2023-04-25","56","33","33"
"USC00190120","AMHERST, MA US","2023-04-26","56","31","33"
"USC00190120","AMHERST, MA US","2023-04-27","60","33","46"
"USC00190120","AMHERST, MA US","2023-04-28","59","37","42"
"USC00190120","AMHERST, MA US","2023-04-29","66","42","47"
"USC00190120","AMHERST, MA US","2023-04-30","58","45","48"
"USC00190120","AMHERST, MA US","2023-05-01","54","48","50"
"USC00190120","AMHERST, MA US","2023-05-02","61","39","43"
"USC00190120","AMHERST, MA US","2023-05-03","54","43","44"
"USC00190120","AMHERST, MA US","2023-05-04","54","43","44"
"USC00190120","AMHERST, MA US","2023-05-05","55","43","45"
"USC00190120","AMHERST, MA US","2023-05-06","63","37","43"
"USC00190120","AMHERST, MA US","2023-05-07","72","39","45"
"USC00190120","AMHERST, MA US","2023-05-08","76","45","55"
"USC00190120","AMHERST, MA US","2023-05-09","72","39","44"
"USC00190120","AMHERST, MA US","2023-05-10","72","33","39"
"USC00190120","AMHERST, MA US","2023-05-11","72","39","45"
"USC00190120","AMHERST, MA US","2023-05-12","80","45","51"
"USC00190120","AMHERST, MA US","2023-05-13","83","51","59"
"USC00190120","AMHERST, MA US","2023-05-14","78","41","47"
"USC00190120","AMHERST, MA US","2023-05-15","65","34","40"
"USC00190120","AMHERST, MA US","2023-05-16","73","34","58"
"USC00190120","AMHERST, MA US","2023-05-17","79","47","47"
"USC00190120","AMHERST, MA US","2023-05-18","56","28","37"
"USC00190120","AMHERST, MA US","2023-05-19","65","37","47"
"USC00190120","AMHERST, MA US","2023-05-20","68","45","49"
"USC00190120","AMHERST, MA US","2023-05-21","65","49","53"
"USC00190120","AMHERST, MA US","2023-05-22","71","46","52"
"USC00190120","AMHERST, MA US","2023-05-23","73","49","52"
"USC00190120","AMHERST, MA US","2023-05-24","73","45","51"
"USC00190120","AMHERST, MA US","2023-05-25","76","44","47"
"USC00190120","AMHERST, MA US","2023-05-26","66","36","43"
"USC00190120","AMHERST, MA US","2023-05-27","73","40","47"
"USC00190120","AMHERST, MA US","2023-05-28","79","47","55"
"USC00190120","AMHERST, MA US","2023-05-29","85","51","60"
"USC00190120","AMHERST, MA US","2023-05-30","77","41","48"
"USC00190120","AMHERST, MA US","2023-05-31","75","44","51"
"USC00190120","AMHERST, MA US","2023-06-01","81","50","56"
"USC00190120","AMHERST, MA US","2023-06-02","89","56","62"
"USC00190120","AMHERST, MA US","2023-06-03","92","58","58"
"USC00190120","AMHERST, MA US","2023-06-04","60","47","50"
"USC00190120","AMHERST, MA US","2023-06-05","59","48","53"
"USC00190120","AMHERST, MA US","2023-06-06","68","48","51"
"USC00190120","AMHERST, MA US","2023-06-07","74","45","52"
"USC00190120","AMHERST, MA US","2023-06-08","65","49","53"
"USC00190120","AMHERST, MA US","2023-06-09","65","49","51"
"USC00190120","AMHERST, MA US","2023-06-10","66","48","49"
"USC00190120","AMHERST, MA US","2023-06-11","74","49","53"
"USC00190120","AMHERST, MA US","2023-06-12","82","52","63"
"USC00190120","AMHERST, MA US","2023-06-13","79","63","67"
"USC00190120","AMHERST, MA US","2023-06-14","78","52","57"
"USC00190120","AMHERST, MA US","2023-06-15","77","56","61"
"USC00190120","AMHERST, MA US","2023-06-16","79","56","59"
"USC00190120","AMHERST, MA US","2023-06-17","76","59","61"
"USC00190120","AMHERST, MA US","2023-06-18","66","55","59"
"USC00190120","AMHERST, MA US","2023-06-19","75","50","56"
"USC00190120","AMHERST, MA US","2023-06-20","78","56","62"
"USC00190120","AMHERST, MA US","2023-06-21","78","58","62"
"USC00190120","AMHERST, MA US","2023-06-22","76","49","55"
"USC00190120","AMHERST, MA US","2023-06-23","79","55","62"
"USC00190120","AMHERST, MA US","2023-06-24","80","62","70"
"USC00190120","AMHERST, MA US","2023-06-25","81","68","69"
"USC00190120","AMHERST, MA US","2023-06-26","87","68","70"
"USC00190120","AMHERST, MA US","2023-06-27","81","66","70"
"USC00190120","AMHERST, MA US","2023-06-28","78","66","67"
"USC00190120","AMHERST, MA US","2023-06-29","80","59","63"
"USC00190120","AMHERST, MA US","2023-06-30","78","59","62"
"USC00190120","AMHERST, MA US","2023-07-01","83","61","65"
"USC00190120","AMHERST, MA US","2023-07-02","84","63","63"
"USC00190120","AMHERST, MA US","2023-07-03","76","62","65"
"USC00190120","AMHERST, MA US","2023-07-04","84","65","71"
"USC00190120","AMHERST, MA US","2023-07-05","83","70","70"
"USC00190120","AMHERST, MA US","2023-07-06","90","69","71"
"USC00190120","AMHERST, MA US","2023-07-07","92","70","72"
"USC00190120","AMHERST, MA US","2023-07-08","87","71","71"
"USC00190120","AMHERST, MA US","2023-07-09","88","71","73"
"USC00190120","AMHERST, MA US","2023-07-10","80","69","71"
"USC00190120","AMHERST, MA US","2023-07-11","80","64","68"
"USC00190120","AMHERST, MA US","2023-07-12","87","64","68"
"USC00190120","AMHERST, MA US","2023-07-13","89","65","66"
"USC00190120","AMHERST, MA US","2023-07-14","86","65","66"
"USC00190120","AMHERST, MA US","2023-07-15","82","66","74"
"USC00190120","AMHERST, MA US","2023-07-16","88","71","72"
"USC00190120","AMHERST, MA US","2023-07-17","77","68","70"
"USC00190120","AMHERST, MA US","2023-07-18","87","70","73"
"USC00190120","AMHERST, MA US","2023-07-19","84","64","65"
"USC00190120","AMHERST, MA US","2023-07-20","84","59","63"
"USC00190120","AMHERST, MA US","2023-07-21","85","63","68"
"USC00190120","AMHERST, MA US","2023-07-22","79","61","62"
"USC00190120","AMHERST, MA US","2023-07-23","82","57","60"
"USC00190120","AMHERST, MA US","2023-07-24","85","59","63"
"USC00190120","AMHERST, MA US","2023-07-25","86","63","65"
"USC00190120","AMHERST, MA US","2023-07-26","85","63","64"
"USC00190120","AMHERST, MA US","2023-07-27","86","64","71"
"USC00190120","AMHERST, MA US","2023-07-28","88","67","70"
"USC00190120","AMHERST, MA US","2023-07-29","89","70","71"
"USC00190120","AMHERST, MA US","2023-07-30","86","55","59"
"USC00190120","AMHERST, MA US","2023-07-31","77","55","58"
"USC00190120","AMHERST, MA US","2023-08-01","80","56","58"
"USC00190120","AMHERST, MA US","2023-08-02","75","49","53"
"USC00190120","AMHERST, MA US","2023-08-03","77","52","55"
"USC00190120","AMHERST, MA US","2023-08-04","79","55","66"
"USC00190120","AMHERST, MA US","2023-08-05","76","62","63"
"USC00190120","AMHERST, MA US","2023-08-06","81","54","58"
"USC00190120","AMHERST, MA US","2023-08-07","83","58","62"
"USC00190120","AMHERST, MA US","2023-08-08","74","62","71"
"USC00190120","AMHERST, MA US","2023-08-09","83","65","68"
"USC00190120","AMHERST, MA US","2023-08-10","83","58","62"
"USC00190120","AMHERST, MA US","2023-08-11","77","58","62"
"USC00190120","AMHERST, MA US","2023-08-12","80","52","56"
"USC00190120","AMHERST, MA US","2023-08-13","82","56","68"
"USC00190120","AMHERST, MA US","2023-08-14","84","60","64"
"USC00190120","AMHERST, MA US","2023-08-15","83","64","67"
"USC00190120","AMHERST, MA US","2023-08-16","71","65","66"
"USC00190120","AMHERST, MA US","2023-08-17","76","66","67"
"USC00190120","AMHERST, MA US","2023-08-18","77","67","70"
"USC00190120","AMHERST, MA US","2023-08-19","81","59","64"
"USC00190120","AMHERST, MA US","2023-08-20","72","53","56"
"USC00190120","AMHERST, MA US","2023-08-21","81","56","61"
"USC00190120","AMHERST, MA US","2023-08-22","85","58","59"
"USC00190120","AMHERST, MA US","2023-08-23","79","49","50"
"USC00190120","AMHERST, MA US","2023-08-24","79","49","52"
"USC00190120","AMHERST, MA US","2023-08-25","72","52","66"
"USC00190120","AMHERST, MA US","2023-08-26","74","66","69"
"USC00190120","AMHERST, MA US","2023-08-27","84","60","63"
"USC00190120","AMHERST, MA US","2023-08-28","80","63","64"
"USC00190120","AMHERST, MA US","2023-08-29","79","61","63"
"USC00190120","AMHERST, MA US","2023-08-30","83","63","70"
"USC00190120","AMHERST, MA US","2023-08-31","81","59","60"
"USC00190120","AMHERST, MA US","2023-09-01","74","47","49"
"USC00190120","AMHERST, MA US","2023-09-02","75","48","50"
"USC00190120","AMHERST, MA US","2023-09-03","79","50","61"
"USC00190120","AMHERST, MA US","2023-09-04","85","61","62"
"USC00190120","AMHERST, MA US","2023-09-05","88","62","65"
"USC00190120","AMHERST, MA US","2023-09-06","90","65","68"
"USC00190120","AMHERST, MA US","2023-09-07","91","65","67"
"USC00190120","AMHERST, MA US","2023-09-08","92","67","68"
"USC00190120","AMHERST, MA US","2023-09-09","87","67","68"
"USC00190120","AMHERST, MA US","2023-09-10","85","67","68"
"USC00190120","AMHERST, MA US","2023-09-11","77","67","67"
"USC00190120","AMHERST, MA US","2023-09-12","80","67","68"
"USC00190120","AMHERST, MA US","2023-09-13","82","62","65"
"USC00190120","AMHERST, MA US","2023-09-14","75","55","57"
"USC00190120","AMHERST, MA US","2023-09-15","73","52","53"
"USC00190120","AMHERST, MA US","2023-09-16","67","53","61"
"USC00190120","AMHERST, MA US","2023-09-17","72","45","46"
"USC00190120","AMHERST, MA US","2023-09-18","77","46","60"
"USC00190120","AMHERST, MA US","2023-09-19","66","54","56"
"USC00190120","AMHERST, MA US","2023-09-20","71","47","48"
"USC00190120","AMHERST, MA US","2023-09-21","72","44","45"
"USC00190120","AMHERST, MA US","2023-09-22","72","45","49"
"USC00190120","AMHERST, MA US","2023-09-23","73","49","52"
"USC00190120","AMHERST, MA US","2023-09-24","59","52","54"
"USC00190120","AMHERST, MA US","2023-09-25","60","54","55"
"USC00190120","AMHERST, MA US","2023-09-26","61","51","54"
"USC00190120","AMHERST, MA US","2023-09-27","66","42","44"
"USC00190120","AMHERST, MA US","2023-09-28","69","41","44"
"USC00190120","AMHERST, MA US","2023-09-29","70","44","52"
"USC00190120","AMHERST, MA US","2023-09-30","53","51","53"
"USC00190120","AMHERST, MA US","2023-10-01","66","53","53"
"USC00190120","AMHERST, MA US","2023-10-02","78","53","56"
"USC00190120","AMHERST, MA US","2023-10-03","76","46","47"
"USC00190120","AMHERST, MA US","2023-10-04","82","47","58"
"USC00190120","AMHERST, MA US","2023-10-05","85","57","63"
"USC00190120","AMHERST, MA US","2023-10-06","77","58","60"
"USC00190120","AMHERST, MA US","2023-10-07","69","60","64"
"USC00190120","AMHERST, MA US","2023-10-08","73","50","52"
"USC00190120","AMHERST, MA US","2023-10-09","63","39","39"
"USC00190120","AMHERST, MA US","2023-10-10","62","39","43"
"USC00190120","AMHERST, MA US","2023-10-11","61","41","45"
"USC00190120","AMHERST, MA US","2023-10-12","66","44","44"
"USC00190120","AMHERST, MA US","2023-10-13","68","38","40"
"USC00190120","AMHERST, MA US","2023-10-14","63","38","40"
"USC00190120","AMHERST, MA US","2023-10-15","55","40","43"
"USC00190120","AMHERST, MA US","2023-10-16","58","40","40"
"USC00190120","AMHERST, MA US","2023-10-17","61","40","41"
"USC00190120","AMHERST, MA US","2023-10-18","63","40","48"
"USC00190120","AMHERST, MA US","2023-10-19","62","44","46"
"USC00190120","AMHERST, MA US","2023-10-20","64","43","53"
"USC00190120","AMHERST, MA US","2023-10-21","61","53","59"
"USC00190120","AMHERST, MA US","2023-10-22","60","49","49"
"USC00190120","AMHERST, MA US","2023-10-23","55","40","40"
"USC00190120","AMHERST, MA US","2023-10-24","58","34","36"
"USC00190120","AMHERST, MA US","2023-10-25","60","36","43"
"USC00190120","AMHERST, MA US","2023-10-26","71","43","51"
"USC00190120","AMHERST, MA US","2023-10-27","77","50","54"
"USC00190120","AMHERST, MA US","2023-10-28","78","49","50"
"USC00190120","AMHERST, MA US","2023-10-29","79","49","50"
"USC00190120","AMHERST, MA US","2023-10-30","51","42","44"
"USC00190120","AMHERST, MA US","2023-10-31","50","32","32"
"USC00190120","AMHERST, MA US","2023-11-01","48","31","37"
"USC00190120","AMHERST, MA US","2023-11-02","48","24","24"
"USC00190120","AMHERST, MA US","2023-11-03","47","24","30"
"USC00190120","AMHERST, MA US","2023-11-04","56","30","34"
"USC00190120","AMHERST, MA US","2023-11-05","60","34","44"
"USC00190120","AMHERST, MA US","2023-11-06","60","29","31"
"USC00190120","AMHERST, MA US","2023-11-07","52","31","52"
"USC00190120","AMHERST, MA US","2023-11-08","65","34","35"
"USC00190120","AMHERST, MA US","2023-11-09","43","33","34"
"USC00190120","AMHERST, MA US","2023-11-10","37","31","34"
"USC00190120","AMHERST, MA US","2023-11-11","51","28","29"
"USC00190120","AMHERST, MA US","2023-11-12","48","23","25"
"USC00190120","AMHERST, MA US","2023-11-13","43","19","20"
"USC00190120","AMHERST, MA US","2023-11-14","42","20","30"
"USC00190120","AMHERST, MA US","2023-11-15","47","23","24"
"USC00190120","AMHERST, MA US","2023-11-16","48","23","27"
"USC00190120","AMHERST, MA US","2023-11-17","61","24","31"
"USC00190120","AMHERST, MA US","2023-11-18","63","31","53"
"USC00190120","AMHERST, MA US","2023-11-19","53","23","24"
"USC00190120","AMHERST, MA US","2023-11-20","51","22","23"
"USC00190120","AMHERST, MA US","2023-11-21","40","17","18"
"USC00190120","AMHERST, MA US","2023-11-22","38","17","34"
"USC00190120","AMHERST, MA US","2023-11-23","43","28","30"
"USC00190120","AMHERST, MA US","2023-11-24","48","30","41"
"USC00190120","AMHERST, MA US","2023-11-25","46","18","18"
"USC00190120","AMHERST, MA US","2023-11-26","38","18","20"
"USC00190120","AMHERST, MA US","2023-11-27","45","20","33"
"USC00190120","AMHERST, MA US","2023-11-28","48","27","32"
"USC00190120","AMHERST, MA US","2023-11-29","38","23","24"
"USC00190120","AMHERST, MA US","2023-11-30","35","20","20"
"USC00190120","AMHERST, MA US","2023-12-01","46","20","28"
"USC00190120","AMHERST, MA US","2023-12-02","51","28","42"
"USC00190120","AMHERST, MA US","2023-12-03","51","39","44"
"USC00190120","AMHERST, MA US","2023-12-04","45","36","37"
"USC00190120","AMHERST, MA US","2023-12-05","48","34","37"
"USC00190120","AMHERST, MA US","2023-12-06","40","30","30"
"USC00190120","AMHERST, MA US","2023-12-07","35","19","20"
"USC00190120","AMHERST, MA US","2023-12-08","33","20","28"
"USC00190120","AMHERST, MA US","2023-12-09","45","27","33"
"USC00190120","AMHERST, MA US","2023-12-10","47","32","46"
"USC00190120","AMHERST, MA US","2023-12-11","60","42","42"
"USC00190120","AMHERST, MA US","2023-12-12","44","33","33"
"USC00190120","AMHERST, MA US","2023-12-13","43","25","27"
"USC00190120","AMHERST, MA US","2023-12-14","42","21","22"
"USC00190120","AMHERST, MA US","2023-12-15","36","21","25"
"USC00190120","AMHERST, MA US","2023-12-16","56","24","28"
"USC00190120","AMHERST, MA US","2023-12-17","53","27","33"
"USC00190120","AMHERST, MA US","2023-12-18","62","33","61"
"USC00190120","AMHERST, MA US","2023-12-19","65","30","33"
"USC00190120","AMHERST, MA US","2023-12-20","44","23","24"
"USC00190120","AMHERST, MA US","2023-12-21","42","24","31"
"USC00190120","AMHERST, MA US","2023-12-22","34","18","18"
"USC00190120","AMHERST, MA US","2023-12-23","34","16","17"
"USC00190120","AMHERST, MA US","2023-12-24","36","16","32"
"USC00190120","AMHERST, MA US","2023-12-25","38","32","36"
"USC00190120","AMHERST, MA US","2023-12-26","46","32","35"
"USC00190120","AMHERST, MA US","2023-12-27","41","35","38"
"USC00190120","AMHERST, MA US","2023-12-28","44","37","43"
"USC00190120","AMHERST, MA US","2023-12-29","48","41","41"
"USC00190120","AMHERST, MA US","2023-12-30","48","37","40"
"USC00190120","AMHERST, MA US","2023-12-31","44","34","34"
"USC00190120","AMHERST, MA US","2024-01-01","37","31","31"
"USC00190120","AMHERST, MA US","2024-01-02","39","17","17"
"USC00190120","AMHERST, MA US","2024-01-03","40","17","23"
"USC00190120","AMHERST, MA US","2024-01-04","35","23","32"
"USC00190120","AMHERST, MA US","2024-01-05","42","17","17"
"USC00190120","AMHERST, MA US","2024-01-06","32","16","27"
"USC00190120","AMHERST, MA US","2024-01-07","35","26","26"
"USC00190120","AMHERST, MA US","2024-01-08","30","24","27"
"USC00190120","AMHERST, MA US","2024-01-09","41","10","16"
"USC00190120","AMHERST, MA US","2024-01-10","46","16","41"
"USC00190120","AMHERST, MA US","2024-01-11","49","16","38"
"USC00190120","AMHERST, MA US","2024-01-12","44","30","30"
"USC00190120","AMHERST, MA US","2024-01-13","47","28","43"
"USC00190120","AMHERST, MA US","2024-01-14","52","30","31"
"USC00190120","AMHERST, MA US","2024-01-15","38","15","17"
"USC00190120","AMHERST, MA US","2024-01-16","30","15","22"
"USC00190120","AMHERST, MA US","2024-01-17","25","16","16"
"USC00190120","AMHERST, MA US","2024-01-18","25","3","4"
"USC00190120","AMHERST, MA US","2024-01-19","29","3","14"
"USC00190120","AMHERST, MA US","2024-01-20","27","10","11"
"USC00190120","AMHERST, MA US","2024-01-21","19","5","9"
"USC00190120","AMHERST, MA US","2024-01-22","23","2","3"
"USC00190120","AMHERST, MA US","2024-01-23","37","3","37"
"USC00190120","AMHERST, MA US","2024-01-24","39","31","32"
"USC00190120","AMHERST, MA US","2024-01-25","35","32","34"
"USC00190120","AMHERST, MA US","2024-01-26","44","34","36"
"USC00190120","AMHERST, MA US","2024-01-27","37","35","35"
"USC00190120","AMHERST, MA US","2024-01-28","42","34","34"
"USC00190120","AMHERST, MA US","2024-01-29","42","32","34"
"USC00190120","AMHERST, MA US","2024-01-30","34","30","30"
"USC00190120","AMHERST, MA US","2024-01-31","33","27","27"
"USC00190120","AMHERST, MA US","2024-02-01","34","27","33"
"USC00190120","AMHERST, MA US","2024-02-02","38","33","33"
"USC00190120","AMHERST, MA US","2024-02-03","42","29","29"
"USC00190120","AMHERST, MA US","2024-02-04","39","24","24"
"USC00190120","AMHERST, MA US","2024-02-05","44","24","27"
"USC00190120","AMHERST, MA US","2024-02-06","41","24","24"
"USC00190120","AMHERST, MA US","2024-02-07","40","20","22"
"USC00190120","AMHERST, MA US","2024-02-08","44","22","25"
"USC00190120","AMHERST, MA US","2024-02-09","50","24","35"
"USC00190120","AMHERST, MA US","2024-02-10","52","32","36"
"USC00190120","AMHERST, MA US","2024-02-11","57","36","41"
"USC00190120","AMHERST, MA US","2024-02-12","46","21","22"
"USC00190120","AMHERST, MA US","2024-02-13","44","22","33"
"USC00190120","AMHERST, MA US","2024-02-14","44","21","27"
"USC00190120","AMHERST, MA US","2024-02-15","44","17","18"
"USC00190120","AMHERST, MA US","2024-02-16","38","18","31"
"USC00190120","AMHERST, MA US","2024-02-17","38","25","26"
"USC00190120","AMHERST, MA US","2024-02-18","35","19","20"
"USC00190120","AMHERST, MA US","2024-02-19","36","20","30"
"USC00190120","AMHERST, MA US","2024-02-20","35","12","13"
"USC00190120","AMHERST, MA US","2024-02-21","39","13","15"
"USC00190120","AMHERST, MA US","2024-02-22","41","15","25"
"USC00190120","AMHERST, MA US","2024-02-23","40","25","33"
"USC00190120","AMHERST, MA US","2024-02-24","48","26","32"
"USC00190120","AMHERST, MA US","2024-02-25","37","12","14"
"USC00190120","AMHERST, MA US","2024-02-26","37","13","30"
"USC00190120","AMHERST, MA US","2024-02-27","54","23","26"
"USC00190120","AMHERST, MA US","2024-02-28","61","26","52"
"USC00190120","AMHERST, MA US","2024-02-29","55","25","25"
"USC00190120","AMHERST, MA US","2024-03-01","33","19","23"
"USC00190120","AMHERST, MA US","2024-03-02","46","23","37"
"USC00190120","AMHERST, MA US","2024-03-03","45","37","45"
"USC00190120","AMHERST, MA US","2024-03-04","64","36","40"
"USC00190120","AMHERST, MA US","2024-03-05","59","40","40"
"USC00190120","AMHERST, MA US","2024-03-06","44","40","43"
"USC00190120","AMHERST, MA US","2024-03-07","48","43","48"
"USC00190120","AMHERST, MA US","2024-03-08","51","31","34"
"USC00190120","AMHERST, MA US","2024-03-09","55","30","32"
"USC00190120","AMHERST, MA US","2024-03-10","42","32","37"
"USC00190120","AMHERST, MA US","2024-03-11","47","31","32"
"USC00190120","AMHERST, MA US","2024-03-12","45","32","34"
"USC00190120","AMHERST, MA US","2024-03-13","57","27","28"
"USC00190120","AMHERST, MA US","2024-03-14","64","27","31"
"USC00190120","AMHERST, MA US","2024-03-15","69","30","42"
"USC00190120","AMHERST, MA US","2024-03-16","47","31","33"
"USC00190120","AMHERST, MA US","2024-03-17","58","32","44"
"USC00190120","AMHERST, MA US","2024-03-18","55","30","31"
"USC00190120","AMHERST, MA US","2024-03-19","47","31","33"
"USC00190120","AMHERST, MA US","2024-03-20","43","30","37"
"USC00190120","AMHERST, MA US","2024-03-21","50","25","26"
"USC00190120","AMHERST, MA US","2024-03-22","36","24","24"
"USC00190120","AMHERST, MA US","2024-03-23","39","24","32"
"USC00190120","AMHERST, MA US","2024-03-24","35","23","23"
"USC00190120","AMHERST, MA US","2024-03-25","42","23","27"
"USC00190120","AMHERST, MA US","2024-03-26","47","27","36"
"USC00190120","AMHERST, MA US","2024-03-27","47","35","37"
"USC00190120","AMHERST, MA US","2024-03-28","54","37","46"
"USC00190120","AMHERST, MA US","2024-03-29","50","41","41"
"USC00190120","AMHERST, MA US","2024-03-30","52","38","38"
"USC00190120","AMHERST, MA US","2024-03-31","56","38","39"
"USC00190120","AMHERST, MA US","2024-04-01","55","31","34"
"USC00190120","AMHERST, MA US","2024-04-02","56","34","42"
"USC00190120","AMHERST, MA US","2024-04-03","51","40","40"
"USC00190120","AMHERST, MA US","2024-04-04","41","34","36"
"USC00190120","AMHERST, MA US","2024-04-05","38","29","36"
"USC00190120","AMHERST, MA US","2024-04-06","44","36","38"
"USC00190120","AMHERST, MA US","2024-04-07","47","36","36"
"USC00190120","AMHERST, MA US","2024-04-08","54","26","29"
"USC00190120","AMHERST, MA US","2024-04-09","66","29","40"
"USC00190120","AMHERST, MA US","2024-04-10","75","40","47"
"USC00190120","AMHERST, MA US","2024-04-11","63","45","47"
"USC00190120","AMHERST, MA US","2024-04-12","64","46","63"
"USC00190120","AMHERST, MA US","2024-04-13","64","48","48"
"USC00190120","AMHERST, MA US","2024-04-14","52","39","41"
"USC00190120","AMHERST, MA US","2024-04-15","56","41","42"
"USC00190120","AMHERST, MA US","2024-04-16","67","32","35"
"USC00190120","AMHERST, MA US","2024-04-17","66","35","40"
"USC00190120","AMHERST, MA US","2024-04-18","61","39","45"
"USC00190120","AMHERST, MA US","2024-04-19","47","44","44"
"USC00190120","AMHERST, MA US","2024-04-20","62","44","47"
"USC00190120","AMHERST, MA US","2024-04-21","62","30","34"
"USC00190120","AMHERST, MA US","2024-04-22","50","31","40"
"USC00190120","AMHERST, MA US","2024-04-23","56","28","32"
"USC00190120","AMHERST, MA US","2024-04-24","65","32","45"
"USC00190120","AMHERST, MA US","2024-04-25","62","33","35"
"USC00190120","AMHERST, MA US","2024-04-26","57","27","33"
"USC00190120","AMHERST, MA US","2024-04-27","62","33","38"
"USC00190120","AMHERST, MA US","2024-04-28","65","38","44"
"USC00190120","AMHERST, MA US","2024-04-29","68","44","57"
"USC00190120","AMHERST, MA US","2024-04-30","76","52","53"
"USC00190120","AMHERST, MA US","2024-05-01","68","49","50"
"USC00190120","AMHERST, MA US","2024-05-02","67","49","50"
"USC00190120","AMHERST, MA US","2024-05-03","77","49","51"
"USC00190120","AMHERST, MA US","2024-05-04","66","43","48"
"USC00190120","AMHERST, MA US","2024-05-05","69","48","49"
"USC00190120","AMHERST, MA US","2024-05-06","51","48","49"
"USC00190120","AMHERST, MA US","2024-05-07","74","45","52"
"USC00190120","AMHERST, MA US","2024-05-08","79","47","51"
"USC00190120","AMHERST, MA US","2024-05-09","67","51","54"
"USC00190120","AMHERST, MA US","2024-05-10","69","47","48"
"USC00190120","AMHERST, MA US","2024-05-11","63","43","47"
"USC00190120","AMHERST, MA US","2024-05-12","63","46","48"
"USC00190120","AMHERST, MA US","2024-05-13","60","40","46"
"USC00190120","AMHERST, MA US","2024-05-14","71","46","54"
"USC00190120","AMHERST, MA US","2024-05-15","81","54","60"
"USC00190120","AMHERST, MA US","2024-05-16","67","57","57"
"USC00190120","AMHERST, MA US","2024-05-17","69","48","53"
"USC00190120","AMHERST, MA US","2024-05-18","77","53","59"
"USC00190120","AMHERST, MA US","2024-05-19","68","58","59"
"USC00190120","AMHERST, MA US","2024-05-20","71","48","53"
"USC00190120","AMHERST, MA US","2024-05-21","79","52","56"
"USC00190120","AMHERST, MA US","2024-05-22","85","56","62"
"USC00190120","AMHERST, MA US","2024-05-23","89","62","67"
"USC00190120","AMHERST, MA US","2024-05-24","82","48","56"
"USC00190120","AMHERST, MA US","2024-05-25","83","50","58"
"USC00190120","AMHERST, MA US","2024-05-26","80","58","64"
"USC00190120","AMHERST, MA US","2024-05-27","85","64","69"
"USC00190120","AMHERST, MA US","2024-05-28","74","66","68"
"USC00190120","AMHERST, MA US","2024-05-29","80","53","59"
"USC00190120","AMHERST, MA US","2024-05-30","76","52","52"
"USC00190120","AMHERST, MA US","2024-05-31","69","42","50"
"USC00190120","AMHERST, MA US","2024-06-01","75","44","56"
"USC00190120","AMHERST, MA US","2024-06-02","81","49","56"
"USC00190120","AMHERST, MA US","2024-06-03","84","56","64"
"USC00190120","AMHERST, MA US","2024-06-04","86","55","60"
"USC00190120","AMHERST, MA US","2024-06-05","81","60","63"
"USC00190120","AMHERST, MA US","2024-06-06","83","63","70"
"USC00190120","AMHERST, MA US","2024-06-07","80","60","61"
"USC00190120","AMHERST, MA US","2024-06-08","81","52","60"
"USC00190120","AMHERST, MA US","2024-06-09","72","59","59"
"USC00190120","AMHERST, MA US","2024-06-10","70","51","59"
"USC00190120","AMHERST, MA US","2024-06-11","72","52","59"
"USC00190120","AMHERST, MA US","2024-06-12","73","53","58"
"USC00190120","AMHERST, MA US","2024-06-13","77","48","56"
"USC00190120","AMHERST, MA US","2024-06-14","84","56","68"
"USC00190120","AMHERST, MA US","2024-06-15","80","60","64"
"USC00190120","AMHERST, MA US","2024-06-16","76","45","53"
"USC00190120","AMHERST, MA US","2024-06-17","75","53","61"
"USC00190120","AMHERST, MA US","2024-06-18","83","61","68"
"USC00190120","AMHERST, MA US","2024-06-19","91","68","71"
"USC00190120","AMHERST, MA US","2024-06-20","90","65","69"
"USC00190120","AMHERST, MA US","2024-06-21","91","68","68"
"USC00190120","AMHERST, MA US","2024-06-22","87","68","71"
"USC00190120","AMHERST, MA US","2024-06-23","80","64","66"
"USC00190120","AMHERST, MA US","2024-06-24","86","66","72"
"USC00190120","AMHERST, MA US","2024-06-25","76","55","63"
"USC00190120","AMHERST, MA US","2024-06-26","87","63","70"
"USC00190120","AMHERST, MA US","2024-06-27","88","64","64"
"USC00190120","AMHERST, MA US","2024-06-28","80","47","55"
"USC00190120","AMHERST, MA US","2024-06-29","76","55","62"
"USC00190120","AMHERST, MA US","2024-06-30","74","62","74"
"USC00190120","AMHERST, MA US","2024-07-01","86","57","64"
"USC00190120","AMHERST, MA US","2024-07-02","79","53","60"
"USC00190120","AMHERST, MA US","2024-07-03","83","55","63"
"USC00190120","AMHERST, MA US","2024-07-04","83","55","67"
"USC00190120","AMHERST, MA US","2024-07-05","83","55","71"
"USC00190120","AMHERST, MA US","2024-07-06","84","71","74"
"USC00190120","AMHERST, MA US","2024-07-07","87","69","73"
"USC00190120","AMHERST, MA US","2024-07-08","90","66","70"
"USC00190120","AMHERST, MA US","2024-07-09","90","70","73"
"USC00190120","AMHERST, MA US","2024-07-10","91","72","74"
"USC00190120","AMHERST, MA US","2024-07-11","90","74","77"
"USC00190120","AMHERST, MA US","2024-07-12","88","66","72"
"USC00190120","AMHERST, MA US","2024-07-13","87","72","74"
"USC00190120","AMHERST, MA US","2024-07-14","87","66","67"
"USC00190120","AMHERST, MA US","2024-07-15","90","67","72"
"USC00190120","AMHERST, MA US","2024-07-16","89","69","72"
"USC00190120","AMHERST, MA US","2024-07-17","90","66","69"
"USC00190120","AMHERST, MA US","2024-07-18","89","69","71"
"USC00190120","AMHERST, MA US","2024-07-19","83","57","64"
"USC00190120","AMHERST, MA US","2024-07-20","82","57","60"
"USC00190120","AMHERST, MA US","2024-07-21","83","60","66"
"USC00190120","AMHERST, MA US","2024-07-22","84","61","64"
"USC00190120","AMHERST, MA US","2024-07-23","84","64","68"
"USC00190120","AMHERST, MA US","2024-07-24","80","68","69"
"USC00190120","AMHERST, MA US","2024-07-25","78","69","72"
"USC00190120","AMHERST, MA US","2024-07-26","81","57","63"
"USC00190120","AMHERST, MA US","2024-07-27","82","55","58"
"USC00190120","AMHERST, MA US","2024-07-28","84","57","61"
"USC00190120","AMHERST, MA US","2024-07-29","83","61","64"
"USC00190120","AMHERST, MA US","2024-07-30","72","63","70"
"USC00190120","AMHERST, MA US","2024-07-31","87","70","74"
"USC00190120","AMHERST, MA US","2024-08-01","85","68","71"
"USC00190120","AMHERST, MA US","2024-08-02","90","66","68"
"USC00190120","AMHERST, MA US","2024-08-03","90","67","73"
"USC00190120","AMHERST, MA US","2024-08-04","86","72","73"
"USC00190120","AMHERST, MA US","2024-08-05","82","69","70"
"USC00190120","AMHERST, MA US","2024-08-06","88","69","71"
"USC00190120","AMHERST, MA US","2024-08-07","72","61","61"
"USC00190120","AMHERST, MA US","2024-08-08","74","58","60"
"USC00190120","AMHERST, MA US","2024-08-09","77","60","64"
"USC00190120","AMHERST, MA US","2024-08-10","85","64","73"
"USC00190120","AMHERST, MA US","2024-08-11","83","57","59"
"USC00190120","AMHERST, MA US","2024-08-12","80","55","58"
"USC00190120","AMHERST, MA US","2024-08-13","75","53","58"
"USC00190120","AMHERST, MA US","2024-08-14","80","56","57"
"USC00190120","AMHERST, MA US","2024-08-15","84","57","60"
"USC00190120","AMHERST, MA US","2024-08-16","84","59","62"
"USC00190120","AMHERST, MA US","2024-08-17","80","62","67"
"USC00190120","AMHERST, MA US","2024-08-18","79","65","65"
"USC00190120","AMHERST, MA US","2024-08-19","69","64","67"
"USC00190120","AMHERST, MA US","2024-08-20","80","59","59"
"USC00190120","AMHERST, MA US","2024-08-21","67","48","51"
"USC00190120","AMHERST, MA US","2024-08-22","73","50","53"
"USC00190120","AMHERST, MA US","2024-08-23","73","49","52"
"USC00190120","AMHERST, MA US","2024-08-24","79","52","54"
"USC00190120","AMHERST, MA US","2024-08-25","82","54","58"
"USC00190120","AMHERST, MA US","2024-08-26","82","58","60"
"USC00190120","AMHERST, MA US","2024-08-27","81","58","60"
"USC00190120","AMHERST, MA US","2024-08-28","84","60","68"
"USC00190120","AMHERST, MA US","2024-08-29","88","62","62"
"USC00190120","AMHERST, MA US","2024-08-30","72","53","54"
"USC00190120","AMHERST, MA US","2024-08-31","77","54","63"
"USC00190120","AMHERST, MA US","2024-09-01","76","63","69"
"USC00190120","AMHERST, MA US","2024-09-02","84","64","64"
"USC00190120","AMHERST, MA US","2024-09-03","75","43","45"
"USC00190120","AMHERST, MA US","2024-09-04","73","45","47"
"USC00190120","AMHERST, MA US","2024-09-05","78","47","52"
"USC00190120","AMHERST, MA US","2024-09-06","79","50","53"
"USC00190120","AMHERST, MA US","2024-09-07","77","53","60"
"USC00190120","AMHERST, MA US","2024-09-08","72","46","48"
"USC00190120","AMHERST, MA US","2024-09-09","67","44","46"
"USC00190120","AMHERST, MA US","2024-09-10","74","46","51"
"USC00190120","AMHERST, MA US","2024-09-11","74","43","45"
"USC00190120","AMHERST, MA US","2024-09-12","76","45","47"
"USC00190120","AMHERST, MA US","2024-09-13","79","47","53"
"USC00190120","AMHERST, MA US","2024-09-14","83","53","59"
"USC00190120","AMHERST, MA US","2024-09-15","85","56","57"
"USC00190120","AMHERST, MA US","2024-09-16","81","49","50"
"USC00190120","AMHERST, MA US","2024-09-17","82","49","53"
"USC00190120","AMHERST, MA US","2024-09-18","79","53","55"
"USC00190120","AMHERST, MA US","2024-09-19","80","54","56"
"USC00190120","AMHERST, MA US","2024-09-20","85","56","62"
"USC00190120","AMHERST, MA US","2024-09-21","72","62","62"
"USC00190120","AMHERST, MA US","2024-09-22","67","51","54"
"USC00190120","AMHERST, MA US","2024-09-23","71","47","48"
"USC00190120","AMHERST, MA US","2024-09-24","67","45","48"
"USC00190120","AMHERST, MA US","2024-09-25","66","48","53"
"USC00190120","AMHERST, MA US","2024-09-26","63","53","58"
"USC00190120","AMHERST, MA US","2024-09-27","66","58","61"
"USC00190120","AMHERST, MA US","2024-09-28","76","57","57"
"USC00190120","AMHERST, MA US","2024-09-29","76","57","59"
"USC00190120","AMHERST, MA US","2024-09-30","68","49","51"
"USC00190120","AMHERST, MA US","2024-10-01","76","49","52"
"USC00190120","AMHERST, MA US","2024-10-02","72","51","53"
"USC00190120","AMHERST, MA US","2024-10-03","67","49","55"
"USC00190120","AMHERST, MA US","2024-10-04","74","49","55"
"USC00190120","AMHERST, MA US","2024-10-05","73","55","58"
"USC00190120","AMHERST, MA US","2024-10-06","73","37","37"
"USC00190120","AMHERST, MA US","2024-10-07","69","37","56"
"USC00190120","AMHERST, MA US","2024-10-08","72","37","39"
"USC00190120","AMHERST, MA US","2024-10-09","65","35","36"
"USC00190120","AMHERST, MA US","2024-10-10","63","35","43"
"USC00190120","AMHERST, MA US","2024-10-11","58","35","36"
"USC00190120","AMHERST, MA US","2024-10-12","67","35","60"
"USC00190120","AMHERST, MA US","2024-10-13","69","32","38"
"USC00190120","AMHERST, MA US","2024-10-14","46","38","46"
"USC00190120","AMHERST, MA US","2024-10-15","54","29","29"
"USC00190120","AMHERST, MA US","2024-10-16","54","29","36"
"USC00190120","AMHERST, MA US","2024-10-17","55","27","29"
"USC00190120","AMHERST, MA US","2024-10-18","58","29","32"
"USC00190120","AMHERST, MA US","2024-10-19","66","30","31"
"USC00190120","AMHERST, MA US","2024-10-20","72","30","31"
"USC00190120","AMHERST, MA US","2024-10-21","74","31","37"
"USC00190120","AMHERST, MA US","2024-10-22","81","37","44"
"USC00190120","AMHERST, MA US","2024-10-23","81","44","46"
"USC00190120","AMHERST, MA US","2024-10-24","77","45","54"
"USC00190120","AMHERST, MA US","2024-10-25","68","32","33"
"USC00190120","AMHERST, MA US","2024-10-26","62","32","37"
"USC00190120","AMHERST, MA US","2024-10-27","63","29","29"
"USC00190120","AMHERST, MA US","2024-10-28","55","28","35"
"USC00190120","AMHERST, MA US","2024-10-29","51","32","39"
"USC00190120","AMHERST, MA US","2024-10-30","50","39","47"
"USC00190120","AMHERST, MA US","2024-10-31","70","44","45"
"USC00190120","AMHERST, MA US","2024-11-01","79","45","64"
"USC00190120","AMHERST, MA US","2024-11-02","79","45","45"
"USC00190120","AMHERST, MA US","2024-11-03","54","24","26"
"USC00190120","AMHERST, MA US","2024-11-04","52","23","29"
"USC00190120","AMHERST, MA US","2024-11-05","52","29","52"
"USC00190120","AMHERST, MA US","2024-11-06","74","52","60"
"USC00190120","AMHERST, MA US","2024-11-07","79","44","49"
"USC00190120","AMHERST, MA US","2024-11-08","66","32","35"
"USC00190120","AMHERST, MA US","2024-11-09","62","34","39"
"USC00190120","AMHERST, MA US","2024-11-10","52","22","25"
"USC00190120","AMHERST, MA US","2024-11-11","56","25","53"
"USC00190120","AMHERST, MA US","2024-11-12","67","43","48"
"USC00190120","AMHERST, MA US","2024-11-13","49","31","32"
"USC00190120","AMHERST, MA US","2024-11-14","47","21","22"
"USC00190120","AMHERST, MA US","2024-11-15","46","21","23"
"USC00190120","AMHERST, MA US","2024-11-16","59","23","24"
"USC00190120","AMHERST, MA US","2024-11-17","60","24","25"
"USC00190120","AMHERST, MA US","2024-11-18","64","24","39"
"USC00190120","AMHERST, MA US","2024-11-19","61","31","34"
"USC00190120","AMHERST, MA US","2024-11-20","58","33","38"
"USC00190120","AMHERST, MA US","2024-11-21","58","38","44"
"USC00190120","AMHERST, MA US","2024-11-22","47","40","41"
"USC00190120","AMHERST, MA US","2024-11-23","50","38","40"
"USC00190120","AMHERST, MA US","2024-11-24","48","37","43"
"USC00190120","AMHERST, MA US","2024-11-25","47","27","28"
"USC00190120","AMHERST, MA US","2024-11-26","50","27","34"
"USC00190120","AMHERST, MA US","2024-11-27","39","26","28"
"USC00190120","AMHERST, MA US","2024-11-28","48","27","33"
"USC00190120","AMHERST, MA US","2024-11-29","39","28","31"
"USC00190120","AMHERST, MA US","2024-11-30","45","21","23"
"USC00190120","AMHERST, MA US","2024-12-01","37","22","23"
"USC00190120","AMHERST, MA US","2024-12-02","36","14","14"
"USC00190120","AMHERST, MA US","2024-12-03","38","14","19"
"USC00190120","AMHERST, MA US","2024-12-04","37","15","15"
"USC00190120","AMHERST, MA US","2024-12-05","36","15","32"
"USC00190120","AMHERST, MA US","2024-12-06","41","27","27"
"USC00190120","AMHERST, MA US","2024-12-07","31","18","22"
"USC00190120","AMHERST, MA US","2024-12-08","37","22","34"
"USC00190120","AMHERST, MA US","2024-12-09","46","29","32"
"USC00190120","AMHERST, MA US","2024-12-10","47","32","34"
"USC00190120","AMHERST, MA US","2024-12-11","36","34","36"
"USC00190120","AMHERST, MA US","2024-12-12","60","36","36"
"USC00190120","AMHERST, MA US","2024-12-13","40","22","22"
"USC00190120","AMHERST, MA US","2024-12-14","31","10","10"
"USC00190120","AMHERST, MA US","2024-12-15","32","10","11"
"USC00190120","AMHERST, MA US","2024-12-16","29","11","26"
"USC00190120","AMHERST, MA US","2024-12-17","47","26","44"
"USC00190120","AMHERST, MA US","2024-12-18","55","27","31"
"USC00190120","AMHERST, MA US","2024-12-19","48","30","33"
"USC00190120","AMHERST, MA US","2024-12-20","41","29","29"
"USC00190120","AMHERST, MA US","2024-12-21","31","25","26"
"USC00190120","AMHERST, MA US","2024-12-22","27","9","9"
"USC00190120","AMHERST, MA US","2024-12-23","19","3","3"
"USC00190120","AMHERST, MA US","2024-12-24","27","3","24"
"USC00190120","AMHERST, MA US","2024-12-25","33","14","14"
"USC00190120","AMHERST, MA US","2024-12-26","33","9","10"
"USC00190120","AMHERST, MA US","2024-12-27","33","6","7"
"USC00190120","AMHERST, MA US","2024-12-28","35","6","31"
"USC00190120","AMHERST, MA US","2024-12-29","36","31","34"
"USC00190120","AMHERST, MA US","2024-12-30","55","34","55"
"USC00190120","AMHERST, MA US","2024-12-31","59","28","29"
"USC00190120","AMHERST, MA US","2025-01-01","51","29","39"
"USC00190120","AMHERST, MA US","2025-01-02","44","35","35"
"USC00190120","AMHERST, MA US","2025-01-03","41","31","32"
"USC00190120","AMHERST, MA US","2025-01-04","37","23","23"
"USC00190120","AMHERST, MA US","2025-01-05","29","23","28"
"USC00190120","AMHERST, MA US","2025-01-06","32","18","18"
"USC00190120","AMHERST, MA US","2025-01-07","26","14","14"
"USC00190120","AMHERST, MA US","2025-01-08","26","14","20"
"USC00190120","AMHERST, MA US","2025-01-09","26","18","19"
"USC00190120","AMHERST, MA US","2025-01-10","30","19","23"
"USC00190120","AMHERST, MA US","2025-01-11","39","23","26"
"USC00190120","AMHERST, MA US","2025-01-12","31","14","15"
"USC00190120","AMHERST, MA US","2025-01-13","39","14","20"
"USC00190120","AMHERST, MA US","2025-01-14","37","18","26"
"USC00190120","AMHERST, MA US","2025-01-15","30","10","20"
"USC00190120","AMHERST, MA US","2025-01-16","28","7","8"
"USC00190120","AMHERST, MA US","2025-01-17","31","7","11"
"USC00190120","AMHERST, MA US","2025-01-18","37","10","31"
"USC00190120","AMHERST, MA US","2025-01-19","44","27","28"
"USC00190120","AMHERST, MA US","2025-01-20","41","15","15"
"USC00190120","AMHERST, MA US","2025-01-21","21","-8","-7"
"USC00190120","AMHERST, MA US","2025-01-22","19","-12","-12"
"USC00190120","AMHERST, MA US","2025-01-23","22","-12","13"
"USC00190120","AMHERST, MA US","2025-01-24","28","0","4"
"USC00190120","AMHERST, MA US","2025-01-25","31","-2","1"
"USC00190120","AMHERST, MA US","2025-01-26","30","1","13"
"USC00190120","AMHERST, MA US","2025-01-27","38","7","11"
"USC00190120","AMHERST, MA US","2025-01-28","39","9","34"
"USC00190120","AMHERST, MA US","2025-01-29","35","15","16"
"USC00190120","AMHERST, MA US","2025-01-30","40","16","16"
"USC00190120","AMHERST, MA US","2025-01-31","31","16","31"
"USC00190120","AMHERST, MA US","2025-02-01","36","27","33"
"USC00190120","AMHERST, MA US","2025-02-02","33","4","4"
"USC00190120","AMHERST, MA US","2025-02-03","21","4","19"
"USC00190120","AMHERST, MA US","2025-02-04","38","19","32"
"USC00190120","AMHERST, MA US","2025-02-05","39","15","15"
"USC00190120","AMHERST, MA US","2025-02-06","26","7","12"
"USC00190120","AMHERST, MA US","2025-02-07","28","11","26"
"USC00190120","AMHERST, MA US","2025-02-08","34","9","9"
"USC00190120","AMHERST, MA US","2025-02-09","34","9","26"
"USC00190120","AMHERST, MA US","2025-02-10","32","15","16"
"USC00190120","AMHERST, MA US","2025-02-11","31","4","6"
"USC00190120","AMHERST, MA US","2025-02-12","31","6","18"
"USC00190120","AMHERST, MA US","2025-02-13","32","18","30"
"USC00190120","AMHERST, MA US","2025-02-14","39","25","26"
"USC00190120","AMHERST, MA US","2025-02-15","31","14","15"
"USC00190120","AMHERST, MA US","2025-02-16","27","15","23"
"USC00190120","AMHERST, MA US","2025-02-17","32","22","22"
"USC00190120","AMHERST, MA US","2025-02-18","26","14","15"
"USC00190120","AMHERST, MA US","2025-02-19","23","15","15"
"USC00190120","AMHERST, MA US","2025-02-20","27","0","2"
"USC00190120","AMHERST, MA US","2025-02-21","29","2","18"
"USC00190120","AMHERST, MA US","2025-02-22","31","2","6"
"USC00190120","AMHERST, MA US","2025-02-23","36","6","24"
"USC00190120","AMHERST, MA US","2025-02-24","40","24","28"
"USC00190120","AMHERST, MA US","2025-02-25","43","28","37"
"USC00190120","AMHERST, MA US","2025-02-26","49","27","29"
"USC00190120","AMHERST, MA US","2025-02-27","48","29","32"
"USC00190120","AMHERST, MA US","2025-02-28","40","30","38"
"USC00190120","AMHERST, MA US","2025-03-01","41","33","41"
"USC00190120","AMHERST, MA US","2025-03-02","52","14","14"
"USC00190120","AMHERST, MA US","2025-03-03","24","6","8"
"USC00190120","AMHERST, MA US","2025-03-04","33","8","22"
"USC00190120","AMHERST, MA US","2025-03-05","48","22","33"
"USC00190120","AMHERST, MA US","2025-03-06","55","33","49"
"USC00190120","AMHERST, MA US","2025-03-07","53","28","29"
"USC00190120","AMHERST, MA US","2025-03-08","40","25","28"
"USC00190120","AMHERST, MA US","2025-03-09","37","24","28"
"USC00190120","AMHERST, MA US","2025-03-10","44","23","25"
"USC00190120","AMHERST, MA US","2025-03-11","61","24","25"
"USC00190120","AMHERST, MA US","2025-03-12","65","25","37"
"USC00190120","AMHERST, MA US","2025-03-13","48","31","32"
"USC00190120","AMHERST, MA US","2025-03-14","53","30","32"
"USC00190120","AMHERST, MA US","2025-03-15","60","32","40"
"USC00190120","AMHERST, MA US","2025-03-16","56","40","45"
"USC00190120","AMHERST, MA US","2025-03-17","66","45","53"
"USC00190120","AMHERST, MA US","2025-03-18","54","33","33"
"USC00190120","AMHERST, MA US","2025-03-19","58","27","28"
"USC00190120","AMHERST, MA US","2025-03-20","67","27","43"
"USC00190120","AMHERST, MA US","2025-03-21","61","38","38"
"USC00190120","AMHERST, MA US","2025-03-22","47","25","26"
"USC00190120","AMHERST, MA US","2025-03-23","63","26","27"
"USC00190120","AMHERST, MA US","2025-03-24","42","27","37"
"USC00190120","AMHERST, MA US","2025-03-25","38","33","35"
"USC00190120","AMHERST, MA US","2025-03-26","51","26","27"
"USC00190120","AMHERST, MA US","2025-03-27","49","25","30"
"USC00190120","AMHERST, MA US","2025-03-28","48","27","32"
"USC00190120","AMHERST, MA US","2025-03-29","59","32","41"
"USC00190120","AMHERST, MA US","2025-03-30","59","32","35"
"USC00190120","AMHERST, MA US","2025-03-31","40","35","38"
"USC00190120","AMHERST, MA US","2025-04-01","64","38","42"
"USC00190120","AMHERST, MA US","2025-04-02","50","30","30"
"USC00190120","AMHERST, MA US","2025-04-03","49","30","39"
"USC00190120","AMHERST, MA US","2025-04-04","65","38","58"
"USC00190120","AMHERST, MA US","2025-04-05","64","37","43"
"USC00190120","AMHERST, MA US","2025-04-06","48","39","40"
"USC00190120","AMHERST, MA US","2025-04-07","54","37","37"
"USC00190120","AMHERST, MA US","2025-04-08","40","36","36"
"USC00190120","AMHERST, MA US","2025-04-09","38","29","29"
"USC00190120","AMHERST, MA US","2025-04-10","45","25","28"
"USC00190120","AMHERST, MA US","2025-04-11","52","28","33"
"USC00190120","AMHERST, MA US","2025-04-12","47","32","32"
"USC00190120","AMHERST, MA US","2025-04-13","39","32","39"
"USC00190120","AMHERST, MA US","2025-04-14","53","29","32"
"USC00190120","AMHERST, MA US","2025-04-15","69","32","49"
"USC00190120","AMHERST, MA US","2025-04-16","68","39","40"
"USC00190120","AMHERST, MA US","2025-04-17","48","35","41"
"USC00190120","AMHERST, MA US","2025-04-18","57","26","30"
"USC00190120","AMHERST, MA US","2025-04-19","68","29","54"
"USC00190120","AMHERST, MA US","2025-04-20","84","50","51"
"USC00190120","AMHERST, MA US","2025-04-21","61","31","35"
"USC00190120","AMHERST, MA US","2025-04-22","59","35","46"
"USC00190120","AMHERST, MA US","2025-04-23","75","40","43"
"USC00190120","AMHERST, MA US","2025-04-24","71","39","44"
"USC00190120","AMHERST, MA US","2025-04-25","76","44","54"
"USC00190120","AMHERST, MA US","2025-04-26","80","54","60"
"USC00190120","AMHERST, MA US","2025-04-27","65","45","46"
"USC00190120","AMHERST, MA US","2025-04-28","65","34","39"
"USC00190120","AMHERST, MA US","2025-04-29","76","39","44"
"USC00190120","AMHERST, MA US","2025-04-30","79","44","55"
"USC00190120","AMHERST, MA US","2025-05-01","69","41","48"
"USC00190120","AMHERST, MA US","2025-05-02","72","48","50"
"USC00190120","AMHERST, MA US","2025-05-03","78","49","59"
"USC00190120","AMHERST, MA US","2025-05-04","84","59","61"
"USC00190120","AMHERST, MA US","2025-05-05","72","56","57"
"USC00190120","AMHERST, MA US","2025-05-06","59","54","57"
"USC00190120","AMHERST, MA US","2025-05-07","67","56","57"
"USC00190120","AMHERST, MA US","2025-05-08","71","48","54"
"USC00190120","AMHERST, MA US","2025-05-09","76","52","52"
"USC00190120","AMHERST, MA US","2025-05-10","57","47","48"
"USC00190120","AMHERST, MA US","2025-05-11","67","40","45"
"USC00190120","AMHERST, MA US","2025-05-12","69","36","43"
"USC00190120","AMHERST, MA US","2025-05-13","76","43","51"
"USC00190120","AMHERST, MA US","2025-05-14","78","51","56"
"USC00190120","AMHERST, MA US","2025-05-15","75","56","62"
"USC00190120","AMHERST, MA US","2025-05-16","75","62","65"
"USC00190120","AMHERST, MA US","2025-05-17","81","65","65"
"USC00190120","AMHERST, MA US","2025-05-18","80","54","58"
"USC00190120","AMHERST, MA US","2025-05-19","63","50","52"
"USC00190120","AMHERST, MA US","2025-05-20","60","46","46"
"USC00190120","AMHERST, MA US","2025-05-21","62","46","51"
"USC00190120","AMHERST, MA US","2025-05-22","53","46","46"
"USC00190120","AMHERST, MA US","2025-05-23","50","41","44"
"USC00190120","AMHERST, MA US","2025-05-24","53","44","50"
"USC00190120","AMHERST, MA US","2025-05-25","62","47","52"
"USC00190120","AMHERST, MA US","2025-05-26","61","42","46"
"USC00190120","AMHERST, MA US","2025-05-27","74","43","49"
"USC00190120","AMHERST, MA US","2025-05-28","78","48","56"
"USC00190120","AMHERST, MA US","2025-05-29","76","53","55"
"USC00190120","AMHERST, MA US","2025-05-30","67","55","59"
"USC00190120","AMHERST, MA US","2025-05-31","75","58","58"
"USC00190120","AMHERST, MA US","2025-06-01","66","48","51"
"USC00190120","AMHERST, MA US","2025-06-02","62","42","48"
"USC00190120","AMHERST, MA US","2025-06-03","72","41","47"
"USC00190120","AMHERST, MA US","2025-06-04","80","47","54"
"USC00190120","AMHERST, MA US","2025-06-05","84","54","62"
"USC00190120","AMHERST, MA US","2025-06-06","92","61","71"
"USC00190120","AMHERST, MA US","2025-06-07","86","65","66"
"USC00190120","AMHERST, MA US","2025-06-08","68","56","59"
"USC00190120","AMHERST, MA US","2025-06-09","78","59","60"
"USC00190120","AMHERST, MA US","2025-06-10","71","59","59"
"USC00190120","AMHERST, MA US","2025-06-11","70","52","59"
"USC00190120","AMHERST, MA US","2025-06-12","80","58","66"
"USC00190120","AMHERST, MA US","2025-06-13","83","54","58"
"USC00190120","AMHERST, MA US","2025-06-14","77","56","56"
"USC00190120","AMHERST, MA US","2025-06-15","64","56","58"
"USC00190120","AMHERST, MA US","2025-06-16","71","51","56"
"USC00190120","AMHERST, MA US","2025-06-17","79","55","58"
"USC00190120","AMHERST, MA US","2025-06-18","67","58","65"
"USC00190120","AMHERST, MA US","2025-06-19","78","65","71"
"USC00190120","AMHERST, MA US","2025-06-20","91","67","67"
"USC00190120","AMHERST, MA US","2025-06-21","78","54","60"
"USC00190120","AMHERST, MA US","2025-06-22","87","60","69"
"USC00190120","AMHERST, MA US","2025-06-23","89","67","70"
"USC00190120","AMHERST, MA US","2025-06-24","97","70","78"
"USC00190120","AMHERST, MA US","2025-06-25","98","70","75"
"USC00190120","AMHERST, MA US","2025-06-26","94","73","73"
"USC00190120","AMHERST, MA US","2025-06-27","75","61","62"
"USC00190120","AMHERST, MA US","2025-06-28","75","61","61"
"USC00190120","AMHERST, MA US","2025-06-29","79","61","70"
"USC00190120","AMHERST, MA US","2025-06-30","82","57","62"
"USC00190120","AMHERST, MA US","2025-07-01","87","62","75"
"USC00190120","AMHERST, MA US","2025-07-02","91","70","71"
"USC00190120","AMHERST, MA US","2025-07-03","86","60","65"
"USC00190120","AMHERST, MA US","2025-07-04","85","54","59"
"USC00190120","AMHERST, MA US","2025-07-05","79","53","59"
"USC00190120","AMHERST, MA US","2025-07-06","82","59","68"
"USC00190120","AMHERST, MA US","2025-07-07","90","64","71"
"USC00190120","AMHERST, MA US","2025-07-08","91","65","74"
"USC00190120","AMHERST, MA US","2025-07-09","88","70","70"
"USC00190120","AMHERST, MA US","2025-07-10","87","69","70"
"USC00190120","AMHERST, MA US","2025-07-11","87","68","69"
"USC00190120","AMHERST, MA US","2025-07-12","88","68","71"
"USC00190120","AMHERST, MA US","2025-07-13","84","67","68"
"USC00190120","AMHERST, MA US","2025-07-14","83","68","71"
"USC00190120","AMHERST, MA US","2025-07-15","84","69","70"
"USC00190120","AMHERST, MA US","2025-07-16","89","68","68"
"USC00190120","AMHERST, MA US","2025-07-17","92","68","79"
"USC00190120","AMHERST, MA US","2025-07-18","90","74","74"
"USC00190120","AMHERST, MA US","2025-07-19","81","51","56"
"USC00190120","AMHERST, MA US","2025-07-20","84","56","72"
"USC00190120","AMHERST, MA US","2025-07-21","87","59","62"
"USC00190120","AMHERST, MA US","2025-07-22","78","49","54"
"USC00190120","AMHERST, MA US","2025-07-23","78","52","55"
"USC00190120","AMHERST, MA US","2025-07-24","83","51","66"
"USC00190120","AMHERST, MA US","2025-07-25","88","66","71"
"USC00190120","AMHERST, MA US","2025-07-26","90","60","64"
"USC00190120","AMHERST, MA US","2025-07-27","82","64","65"
"USC00190120","AMHERST, MA US","2025-07-28","75","64","70"
"USC00190120","AMHERST, MA US","2025-07-29","92","64","68"
"USC00190120","AMHERST, MA US","2025-07-30","96","63","69"
"USC00190120","AMHERST, MA US","2025-07-31","93","69","73"
"USC00190120","AMHERST, MA US","2025-08-01","74","58","59"
"USC00190120","AMHERST, MA US","2025-08-02","77","51","55"
"USC00190120","AMHERST, MA US","2025-08-03","79","50","54"
"USC00190120","AMHERST, MA US","2025-08-04","82","54","57"
"USC00190120","AMHERST, MA US","2025-08-05","85","56","64"
"USC00190120","AMHERST, MA US","2025-08-06","86","57","62"
"USC00190120","AMHERST, MA US","2025-08-07","80","61","62"
"USC00190120","AMHERST, MA US","2025-08-08","83","53","56"
"USC00190120","AMHERST, MA US","2025-08-09","82","53","56"
"USC00190120","AMHERST, MA US","2025-08-10","85","56","60"
"USC00190120","AMHERST, MA US","2025-08-11","89","59","62"
"USC00190120","AMHERST, MA US","2025-08-12","91","59","62"
"USC00190120","AMHERST, MA US","2025-08-13","91","62","66"
"USC00190120","AMHERST, MA US","2025-08-14","90","66","69"
"USC00190120","AMHERST, MA US","2025-08-15","90","64","68"
"USC00190120","AMHERST, MA US","2025-08-16","87","62","65"
"USC00190120","AMHERST, MA US","2025-08-17","86","64","66"
"USC00190120","AMHERST, MA US","2025-08-18","90","58","58"
"USC00190120","AMHERST, MA US","2025-08-19","76","51","54"
"USC00190120","AMHERST, MA US","2025-08-20","77","51","59"
"USC00190120","AMHERST, MA US","2025-08-21","61","54","56"
"USC00190120","AMHERST, MA US","2025-08-22","75","47","61"
"USC00190120","AMHERST, MA US","2025-08-23","83","47","56"
"USC00190120","AMHERST, MA US","2025-08-24","84","47","63"
"USC00190120","AMHERST, MA US","2025-08-25","80","63","66"
"USC00190120","AMHERST, MA US","2025-08-26","82","53","58"
"USC00190120","AMHERST, MA US","2025-08-27","75","51","53"
"USC00190120","AMHERST, MA US","2025-08-28","72","42","43"
"USC00190120","AMHERST, MA US","2025-08-29","75","43","54"
"USC00190120","AMHERST, MA US","2025-08-30","75","44","47"
"USC00190120","AMHERST, MA US","2025-08-31","74","44","47"
"USC00190120","AMHERST, MA US","2025-09-01","80","47","52"
"USC00190120","AMHERST, MA US","2025-09-02","75","48","51"
"USC00190120","AMHERST, MA US","2025-09-03","80","47","49"
"USC00190120","AMHERST, MA US","2025-09-04","80","49","52"
"USC00190120","AMHERST, MA US","2025-09-05","80","52","65"
"USC00190120","AMHERST, MA US","2025-09-06","81","65","70"
"USC00190120","AMHERST, MA US","2025-09-07","82","58","59"
"USC00190120","AMHERST, MA US","2025-09-08","67","43","43"
"USC00190120","AMHERST, MA US","2025-09-09","73","43","45"
"USC00190120","AMHERST, MA US","2025-09-10","74","45","50"
"USC00190120","AMHERST, MA US","2025-09-11","76","45","48"
"USC00190120","AMHERST, MA US","2025-09-12","79","48","53"
"USC00190120","AMHERST, MA US","2025-09-13","77","50","55"
"USC00190120","AMHERST, MA US","2025-09-14","75","54","56"
"USC00190120","AMHERST, MA US","2025-09-15","80","51","54"
"USC00190120","AMHERST, MA US","2025-09-16","81","54","56"
"USC00190120","AMHERST, MA US","2025-09-17","78","49","51"
"USC00190120","AMHERST, MA US","2025-09-18","76","51","53"
"USC00190120","AMHERST, MA US","2025-09-19","83","50","51"
"USC00190120","AMHERST, MA US","2025-09-20","79","40","42"
"USC00190120","AMHERST, MA US","2025-09-21","72","37","39"
"USC00190120","AMHERST, MA US","2025-09-22","71","39","41"
"USC00190120","AMHERST, MA US","2025-09-23","73","41","60"
"USC00190120","AMHERST, MA US","2025-09-24","74","59","65"
"USC00190120","AMHERST, MA US","2025-09-26","73","60","60"
"USC00190120","AMHERST, MA US","2025-09-27","79","52","54"
"USC00190120","AMHERST, MA US","2025-09-28","78","54","61"
"USC00190120","AMHERST, MA US","2025-09-29","85","48","49"
"USC00190120","AMHERST, MA US","2025-09-30",,"48","49"
"USC00190120","AMHERST, MA US","2025-10-01","80","49","49"
"USC00190120","AMHERST, MA US","2025-10-02","66","37","38"
"USC00190120","AMHERST, MA US","2025-10-03","64","36","36"
"USC00190120","AMHERST, MA US","2025-10-04","72","36","43"
"USC00190120","AMHERST, MA US","2025-10-05","80","43","47"
"USC00190120","AMHERST, MA US","2025-10-06","83","47","58"
"USC00190120","AMHERST, MA US","2025-10-07","81","57","62"
"USC00190120","AMHERST, MA US","2025-10-08","80","62","66"
"USC00190120","AMHERST, MA US","2025-10-09","66","38","42"
"USC00190120","AMHERST, MA US","2025-10-10","57","27","27"
"USC00190120","AMHERST, MA US","2025-10-11","60","27","44"
"USC00190120","AMHERST, MA US","2025-10-12","65","43","50"
"USC00190120","AMHERST, MA US","2025-10-13","58","49","49"
"USC00190120","AMHERST, MA US","2025-10-14","54","48","48"
"USC00190120","AMHERST, MA US","2025-10-15","59","48","48"
"USC00190120","AMHERST, MA US","2025-10-16","60","31","32"
"USC00190120","AMHERST, MA US","2025-10-17","60","31","36"
"USC00190120","AMHERST, MA US","2025-10-18","64","31","31"
"USC00190120","AMHERST, MA US","2025-10-19","64","31","39"
"USC00190120","AMHERST, MA US","2025-10-20","71","39","64"
"USC00190120","AMHERST, MA US","2025-10-21","65","49","50"
"USC00190120","AMHERST, MA US","2025-10-22","67","49","51"
"USC00190120","AMHERST, MA US","2025-10-23","63","37","37"
"USC00190120","AMHERST, MA US","2025-10-24","60","33","34"
"USC00190120","AMHERST, MA US","2025-10-25","58","31","32"
"USC00190120","AMHERST, MA US","2025-10-26","57","31","32"
"USC00190120","AMHERST, MA US","2025-10-27","57","26","28"
"USC00190120","AMHERST, MA US","2025-10-28","54","26","33"
"USC00190120","AMHERST, MA US","2025-10-29","57","32","44"
"USC00190120","AMHERST, MA US","2025-10-30","51","43","45"
"USC00190120","AMHERST, MA US","2025-10-31","57","45","55"
"USC00190120","AMHERST, MA US","2025-11-01","57","45","47"
"USC00190120","AMHERST, MA US","2025-11-02","53","25","29"
"USC00190120","AMHERST, MA US","2025-11-03","53","28","31"
"USC00190120","AMHERST, MA US","2025-11-04","56","31","46"
"USC00190120","AMHERST, MA US","2025-11-05","55","29","33"
"USC00190120","AMHERST, MA US","2025-11-06","57","33","41"
"USC00190120","AMHERST, MA US","2025-11-07","51","25","28"
"USC00190120","AMHERST, MA US","2025-11-08","54","27","48"
"USC00190120","AMHERST, MA US","2025-11-09","60","39","40"
"USC00190120","AMHERST, MA US","2025-11-10","49","40","47"
"USC00190120","AMHERST, MA US","2025-11-11","51","32","32"
"USC00190120","AMHERST, MA US","2025-11-12","38","32","37"
"USC00190120","AMHERST, MA US","2025-11-13","43","36","42"
"USC00190120","AMHERST, MA US","2025-11-14","46","27","28"
"USC00190120","AMHERST, MA US","2025-11-15","47","22","22"
"USC00190120","AMHERST, MA US","2025-11-16","47","22","40"
"USC00190120","AMHERST, MA US","2025-11-17","50","32","32"
"USC00190120","AMHERST, MA US","2025-11-18","40","25","25"
"USC00190120","AMHERST, MA US","2025-11-19","45","20","20"
"USC00190120","AMHERST, MA US","2025-11-20","46","20","25"
"USC00190120","AMHERST, MA US","2025-11-21","46","20","25"
"USC00190120","AMHERST, MA US","2025-11-22","45","25","36"
"USC00190120","AMHERST, MA US","2025-11-23","48","19","20"
"USC00190120","AMHERST, MA US","2025-11-24","36","20","31"
"USC00190120","AMHERST, MA US","2025-11-25","48","26","30"
"USC00190120","AMHERST, MA US","2025-11-26","50","30","47"
"USC00190120","AMHERST, MA US","2025-11-27","59","30","39"
"USC00190120","AMHERST, MA US","2025-11-28","45","30","32"
"USC00190120","AMHERST, MA US","2025-11-29","40","27","31"
"USC00190120","AMHERST, MA US","2025-11-30","40","25","30"
"USC00190120","AMHERST, MA US","2025-12-02","40","19","27"
"USC00190120","AMHERST, MA US","2025-12-03","32","24","24"
"USC00190120","AMHERST, MA US","2025-12-04","38","20","24"
"USC00190120","AMHERST, MA US","2025-12-05","39","-1","0"
"USC00190120","AMHERST, MA US","2025-12-06","40","-1","23"
"USC00190120","AMHERST, MA US","2025-12-07","37","16","23"
"USC00190120","AMHERST, MA US","2025-12-08","38","21","21"
"USC00190120","AMHERST, MA US","2025-12-09","26","-4","-4"
"USC00190120","AMHERST, MA US","2025-12-10","31","-4","31"
"USC00190120","AMHERST, MA US","2025-12-11","38","30","30"
"USC00190120","AMHERST, MA US","2025-12-12","31","20","21"
"USC00190120","AMHERST, MA US","2025-12-13","33","20","23"
"USC00190120","AMHERST, MA US","2025-12-14","32","22","27"
"USC00190120","AMHERST, MA US","2025-12-15","30","12","12"
"USC00190120","AMHERST, MA US","2025-12-16","24","10","20"
"USC00190120","AMHERST, MA US","2025-12-17","33","18","27"
"USC00190120","AMHERST, MA US","2025-12-18","45","20","21"
"USC00190120","AMHERST, MA US","2025-12-19","47","19","36"
"USC00190120","AMHERST, MA US","2025-12-20","58","19","29"
"USC00190120","AMHERST, MA US","2025-12-21","37","29","35"
"USC00190120","AMHERST, MA US","2025-12-22","42","24","25"
"USC00190120","AMHERST, MA US","2025-12-23","36","19","26"
"USC00190120","AMHERST, MA US","2025-12-24","39","25","39"
"USC00190120","AMHERST, MA US","2025-12-25","40","20","29"
"USC00190120","AMHERST, MA US","2025-12-27","21","12","16"
"USC00190120","AMHERST, MA US","2025-12-28","26","-1","-1"
"USC00190120","AMHERST, MA US","2025-12-29","33","-1","32"
"USC00190120","AMHERST, MA US","2025-12-30","39","21","22"
"USC00190120","AMHERST, MA US","2025-12-31","26","21","22"
"USC00190120","AMHERST, MA US","2026-01-01","31","22","24"
"USC00190120","AMHERST, MA US","2026-01-02","24","9","12"
"USC00190120","AMHERST, MA US","2026-01-03","26","12","20"
"USC00190120","AMHERST, MA US","2026-01-04","31","20","23"
"USC00190120","AMHERST, MA US","2026-01-05","29","10","11"
"USC00190120","AMHERST, MA US","2026-01-06","23","10","23"
"USC00190120","AMHERST, MA US","2026-01-07","33","21","31"
"USC00190120","AMHERST, MA US","2026-01-08","35","22","24"
"USC00190120","AMHERST, MA US","2026-01-09","45","21","22"
"USC00190120","AMHERST, MA US","2026-01-10","49","22","29"
"USC00190120","AMHERST, MA US","2026-01-11","42","28","34"
"USC00190120","AMHERST, MA US","2026-01-12","43","19","27"
"USC00190120","AMHERST, MA US","2026-01-13","40","25","26"
"USC00190120","AMHERST, MA US","2026-01-14","44","25","38"
"USC00190120","AMHERST, MA US","2026-01-15","46","36","37"
"USC00190120","AMHERST, MA US","2026-01-16","47","17","18"
"USC00190120","AMHERST, MA US","2026-01-17","30","18","26"
"USC00190120","AMHERST, MA US","2026-01-18","32","20","24"
"USC00190120","AMHERST, MA US","2026-01-19","33","24","26"
"USC00190120","AMHERST, MA US","2026-01-20","31","13","15"
"USC00190120","AMHERST, MA US","2026-01-21","21","-5","-5"
"USC00190120","AMHERST, MA US","2026-01-22","32","-5","32"
"USC00190120","AMHERST, MA US","2026-01-23","44","13","14"
"USC00190120","AMHERST, MA US","2026-01-24","44","0","1"
"USC00190120","AMHERST, MA US","2026-01-25","12","0","5"
"USC00190120","AMHERST, MA US","2026-01-26","13","3","12"
"USC00190120","AMHERST, MA US","2026-01-27","21","-5","2"
"USC00190120","AMHERST, MA US","2026-01-28","18","-9","-9"
"USC00190120","AMHERST, MA US","2026-01-29","20","-12","-12"
"USC00190120","AMHERST, MA US","2026-01-30","20","-12","-1"
"USC00190120","AMHERST, MA US","2026-01-31","13","-14","-14"
"USC00190120","AMHERST, MA US","2026-02-01","22","-15","4"
"USC00190120","AMHERST, MA US","2026-02-02","24","-4","-3"
